URL,YearMonth,Year,Month,Price_INR,Price_Cr,PricePerSqft,BHK,Area_Sqft,Bathrooms,Balconies,Car_Parking,Floor_Number,Total_Floors,Property_Age_Years,Age_Group,Locality,Pincode,Society,Furnishing,Facing,Ownership,Overlooking,Transaction,Construction_Status,Latitude,Longitude,Full_Address,Source,Listing_Type,Property_Type,Price_Max_INR,Area_Max_Sqft,Builder,RERA_ID
https://www.realestateindia.com/property-detail/8bkh-independent-house-for-sale-in-nagaram-hyderabad-5600-sq-ft-2-60-cr-1517429.htm,2026-10,2026,10,26000000,2.6,4642.86,8,5600.0,8.0,4.0,,,4.0,0.0,New,Nagaram,,Pulipaati residency,Unfurnished,East,Freehold,,New,Ready to Move,17.4865,78.6112,"Pulipaati residency, Nagaram, Hyderabad, India",realestateindia.com,Sale,House,,,,
https://www.realestateindia.com/property-detail/151-sq-yards-residential-plots-in-adibatla-hyderabad-52-lac-1517536.htm,2026-10,2026,10,5200000,0.52,3826.34,,1359.0,,,,,,,,Adibatla,,,,,Freehold,,New,,,,"Adibatla, Hyderabad, India",realestateindia.com,Sale,Residential Plots,,,,
https://www.realestateindia.com/property-detail/150-sq-yards-plot-for-sale-in-bandlaguda-hyderabad-52-50-lac-1517124.htm,2026-10,2026,10,5250000,0.525,3888.89,,1350.0,,,,,,,,Bandlaguda,,Hi life,,,Freehold,,New,,,,"Hi life, Bandlaguda, Hyderabad, India",realestateindia.com,Sale,Residential Plots,,,,
https://www.realestateindia.com/property-detail/4000-sq-yards-land-for-sale-in-sagar-highway-hyderabad-4-84-lac-1517343.htm,2026-10,2026,10,484000,0.0484,13.44,,36000.0,,,,,,,,Sagar Highway,,GMR Project Approved By HMDA,,,,,New,,,,"GMR Project Approved By HMDA, Sagar Highway, Hyderabad, India",realestateindia.com,Sale,Residential Plots,,,,
https://www.realestateindia.com/property-detail/3bkh-flats-apartments-for-sale-in-vittal-rao-nagar-hitech-city-hyderabad-1560-sq-ft-1-65-cr-1517431.htm,2026-10,2026,10,16500000,1.65,10576.92,3,1560.0,3.0,1.0,,5th,5.0,5.0,1-5 Years,"Hitech City, Vittal Rao Nagar",,Bluestone Buckingham,Furnished,East,Freehold,,New,Ready to Move Furnishing Details Water Purifier Fan Fridge Exhaust Fan Dining Table Light Curtains TV AC Bed Wardrobe Sofa,17.441,78.3856,"Bluestone Buckingham, Hitech City, Vittal Rao Nagar, Hyderabad, India",realestateindia.com,Sale,Flats,,,,
https://www.realestateindia.com/property-detail/171-sq-yards-land-for-sale-in-adibatla-hyderabad-39-lac-1516775.htm,2026-10,2026,10,3900000,0.39,2534.11,,1539.0,,,,,,,,Adibatla,,Lighthouse Swasthika,,,Freehold,,New,,,,"Lighthouse Swasthika, Adibatla, Hyderabad, India",realestateindia.com,Sale,Residential Plots,,,,
https://www.realestateindia.com/property-detail/10bkh-banquet-hall-guest-house-for-sale-in-bhongir-hyderabad-20000-sq-ft-5-30-cr-1516796.htm,2026-10,2026,10,53000000,5.3,2650.0,0,20000.0,,,,Basement,1.0,,,Bhongir,,,Unfurnished,East,Freehold,,New,Upcoming,,,"Bhongir, Hyderabad, India",realestateindia.com,Sale,Guest House,,,,
https://www.realestateindia.com/property-detail/4bkh-villa-for-sale-in-bachupally-hyderabad-2950-sq-ft-4-80-cr-1517186.htm,2026-10,2026,10,48000000,4.8,16271.19,4,2950.0,4.0,3.0,,,1.0,0.0,New,Bachupally,,101 Nature City,Unfurnished,East,Co-operative Society,,New,Ready to Move,17.5486,78.3856,"101 Nature City, Bachupally, Hyderabad, India",realestateindia.com,Sale,Villa,,,,
https://www.realestateindia.com/property-detail/150-sq-yards-plots-for-sale-in-shadnagar-hyderabad-28-50-lac-1516871.htm,2026-10,2026,10,2850000,0.285,2111.11,,1350.0,,,,,,,,Shadnagar,,VIDARBHA,,,Freehold,,New,,,,"VIDARBHA, Shadnagar, Hyderabad, India",realestateindia.com,Sale,Residential Plots,,,,
https://www.realestateindia.com/property-detail/154-sq-yards-plot-in-shadnagar-hyderabad-35-42-lac-1516869.htm,2026-10,2026,10,3542000,0.3542,2555.56,,1386.0,,,,,,,,Shadnagar,,INDRAPRASTHA phase 2,,,Freehold,,New,,,,"INDRAPRASTHA phase 2, Shadnagar, Hyderabad, India",realestateindia.com,Sale,Residential Plots,,,,
https://www.realestateindia.com/property-detail/183-sq-yards-open-plots-for-sale-in-maheshwaram-hyderabad-40-26-lac-1516592.htm,2026-10,2026,10,4026000,0.4026,2444.44,,1647.0,,,,,,,,Maheshwaram,,premium county,,,Freehold,,New,,,,"premium county, Maheshwaram, Hyderabad, India",realestateindia.com,Sale,Residential Plots,,,,
https://www.realestateindia.com/property-detail/1-acre-plots-in-thumkunta-hyderabad-16-cr-1516706.htm,2026-10,2026,10,160000000,16.0,3673.09,,43560.0,,,,,,,,Thumkunta,,,,,,,New,,,,"Thumkunta, Hyderabad, India",realestateindia.com,Sale,Residential Plots,,,,
https://www.realestateindia.com/property-detail/200-sq-yards-plot-for-sale-in-shadnagar-hyderabad-55-lac-1516163.htm,2026-10,2026,10,5500000,0.55,3055.56,,1800.0,,,,,,,,Shadnagar,,Vasavi subhiksham,,,Freehold,,New,,,,"Vasavi subhiksham, Shadnagar, Hyderabad, India",realestateindia.com,Sale,Residential Plots,,,,
https://www.realestateindia.com/property-detail/200-sq-yards-lands-in-shadnagar-hyderabad-3-50-lac-1516169.htm,2026-10,2026,10,350000,0.035,194.44,,1800.0,,,,,,,,Shadnagar,,Vasavi Archana White Lotus,,,Freehold,,New,,,,"Vasavi Archana White Lotus, Shadnagar, Hyderabad, India",realestateindia.com,Sale,Residential Plots,,,,
https://www.realestateindia.com/property-detail/161-sq-ft-plots-for-sale-in-kompally-hyderabad-52-lac-1516008.htm,2026-10,2026,10,5200000,0.52,32298.14,,161.0,,,,,,,,Kompally,,,,,Freehold,,New,,,,"Kompally, Hyderabad, India",realestateindia.com,Sale,Residential Plots,,,,
https://www.realestateindia.com/property-detail/2bkh-independent-house-for-sale-in-aminpur-hyderabad-167-sq-yards-3-30-cr-1515766.htm,2026-10,2026,10,33000000,3.3,21956.09,2,1503.0,2.0,1.0,,,2.0,0.0,New,Aminpur,,,Semi-Furnished,East,Freehold,,Resale,Ready to Move,17.5171,78.3157,"Aminpur, Hyderabad, India",realestateindia.com,Sale,House,,,,
https://www.realestateindia.com/property-detail/3bkh-flats-apartments-for-sale-in-bachupally-hyderabad-1430-sq-ft-1-15-cr-1515374.htm,2026-10,2026,10,11500000,1.15,8041.96,3,1430.0,2.0,1.0,,2nd,14.0,0.0,New,Bachupally,,,Unfurnished,North East,Freehold,,New,Ready to Move,17.5486,78.3856,"Bachupally, Hyderabad, India",realestateindia.com,Sale,Flats,,,,
https://www.realestateindia.com/property-detail/240-sq-ft-plot-for-sale-in-ghatkesar-hyderabad-70-lac-1515574.htm,2026-10,2026,10,7000000,0.7,29166.67,,240.0,,,,,,,,Ghatkesar,,,,,Freehold,,Resale,,,,"Ghatkesar, Hyderabad, India",realestateindia.com,Sale,Residential Plots,,,,
https://www.realestateindia.com/property-detail/200-sq-yards-land-for-sale-in-bibi-nagar-hyderabad-24-lac-1515575.htm,2026-10,2026,10,2400000,0.24,1333.33,,1800.0,,,,,,,,Bibi Nagar,,,,,Freehold,,Resale,,,,"Bibi Nagar, Hyderabad, India",realestateindia.com,Sale,Residential Plots,,,,
https://www.realestateindia.com/property-detail/200-sq-ft-lands-for-sale-in-shamshabad-hyderabad-59-00-lac-1515371.htm,2026-10,2026,10,5900000,0.59,3277.78,,1800.0,,,,,,,,Shamshabad,,,,,Freehold,,Resale Approved By HMDA,,,,"Shamshabad, Hyderabad, India",realestateindia.com,Sale,Residential Plots,,,,
https://www.realestateindia.com/property-detail/133-sq-ft-plot-for-sale-in-adarsh-nagar-hyderabad-10-lac-1515320.htm,2026-10,2026,10,1000000,0.1,7518.8,,133.0,,,,,,,,Adarsh Nagar,,,,,Power of Attorney,,New,,,,"Adarsh Nagar, Hyderabad, India",realestateindia.com,Sale,Residential Plots,,,,
https://www.realestateindia.com/property-detail/2-5-bkh-flats-apartments-for-sale-in-kachavani-singaram-hyderabad-1025-sq-ft-43-50-lac-1515510.htm,2026-10,2026,10,4350000,0.435,4243.9,,1025.0,2.0,1.0,,1st,5.0,,,Kachavani Singaram,,Om residency,Semi-Furnished,East,Freehold,,New,Under Construction Furnishing Details Light,17.3927,78.6314,"Om residency, Kachavani Singaram, Hyderabad, India",realestateindia.com,Sale,Flats,,,,
https://www.realestateindia.com/property-detail/real-rise-1485-sq-ft-open-plots-for-sale-in-shadnagar-hyderabad-28-lac-1514914.htm,2026-10,2026,10,2800000,0.28,1885.52,,1485.0,,,,,,,,Shadnagar,,REAL RISE,,,,,New,,,,"REAL RISE, Shadnagar, Hyderabad, India",realestateindia.com,Sale,Residential Plots,,,,
https://www.realestateindia.com/property-detail/136-sq-yards-plot-for-sale-in-nadergul-hyderabad-55-lac-1514782.htm,2026-10,2026,10,5500000,0.55,4493.46,,1224.0,,,,,,,,Nadergul,,Brundavan Colony,,,Freehold,,New,,,,"Brundavan Colony, Nadergul, Hyderabad, India",realestateindia.com,Sale,Residential Plots,,,,
https://www.realestateindia.com/property-detail/167-sq-yards-open-plots-in-ameerpet-hyderabad-35-lac-1515159.htm,2026-10,2026,10,3500000,0.35,2328.68,,1503.0,,,,,,,,Ameerpet,,ELITE,,,Freehold,,New,,,,"ELITE, Ameerpet, Hyderabad, India",realestateindia.com,Sale,Residential Plots,,,,
https://www.realestateindia.com/property-detail/2bkh-flats-apartments-for-sale-in-pragathi-nagar-hyderabad-1287-sq-ft-95-lac-1514673.htm,2026-10,2026,10,9500000,0.95,7381.51,2,1287.0,,,,5th,8.0,0.0,New,Pragathi Nagar,,Rudhra Bhuvi,,West,Freehold,,New,Ready to Move,17.5202,78.3961,"Rudhra Bhuvi, Pragathi Nagar, Hyderabad, India",realestateindia.com,Sale,Flats,,,,
https://www.realestateindia.com/property-detail/urbanrise-galleria-gardens-200-sq-yards-lands-for-sale-in-shadnagar-hyderabad-45-99-lac-1514847.htm,2026-10,2026,10,35,0.0,0.02,,1800.0,,,,,,,,Shadnagar,,Urbanrise Galleria Gardens,,,Freehold,,New,,,,"Urbanrise Galleria Gardens, Shadnagar, Hyderabad, India",realestateindia.com,Sale,Residential Plots,,,,
https://www.realestateindia.com/property-detail/250-sq-yards-open-plots-for-sale-in-rampally-hyderabad-1-25-cr-1514814.htm,2026-10,2026,10,12500000,1.25,5555.56,,2250.0,,,,,,,,Rampally,,,,,,,Resale,,,,"Rampally, Hyderabad, India",realestateindia.com,Sale,Residential Plots,,,,
https://www.realestateindia.com/property-detail/165-sq-ft-open-plots-in-shadnagar-hyderabad-23-76-lac-1514776.htm,2026-10,2026,10,2376000,0.2376,14400.0,,165.0,,,,,,,,Shadnagar,,Prestige County,,,Freehold,,New,,,,"Prestige County, Shadnagar, Hyderabad, India",realestateindia.com,Sale,Residential Plots,,,,
https://www.realestateindia.com/property-detail/167-sq-yards-open-plots-for-sale-in-annojiguda-hyderabad-35-lac-1511202.htm,2026-10,2026,10,3500000,0.35,2328.68,,1503.0,,,,,,,,Annojiguda,,Surakshaa Elite,,,Freehold,,New,,,,"Surakshaa Elite, Annojiguda, Hyderabad, India",realestateindia.com,Sale,Residential Plots,,,,
https://www.realestateindia.com/property-detail/2bkh-flats-apartments-for-sale-in-kukatpally-hyderabad-1287-sq-ft-95-lac-1514675.htm,2026-10,2026,10,9500000,0.95,7381.51,2,1287.0,2.0,1.0,,5th,8.0,0.0,New,Kukatpally,,Rudhra Bhuvi,,West,Freehold,,New,Ready to Move,17.4948,78.3996,"Rudhra Bhuvi, Kukatpally, Hyderabad, India",realestateindia.com,Sale,Flats,,,,
https://www.realestateindia.com/property-detail/121-sq-ft-residential-plots-for-sale-in-l-b-nagar-hyderabad-4-60-lac-1514450.htm,2026-10,2026,10,460000,0.046,3801.65,,121.0,,,,,,,,L. B. Nagar,,,,,Freehold,,New,,,,"L. B. Nagar, Hyderabad, India",realestateindia.com,Sale,Residential Plots,,,,
https://www.realestateindia.com/property-detail/150-sq-yards-lands-for-sale-in-amangal-hyderabad-18-lac-1514064.htm,2026-10,2026,10,1800000,0.18,1333.33,,1350.0,,,,,,,,Amangal,,Irwin Empire Approved By HMDA,,,Freehold,,Resale,,,,"Irwin Empire Approved By HMDA, Amangal, Hyderabad, India",realestateindia.com,Sale,Residential Plots,,,,
https://www.realestateindia.com/property-detail/4bkh-villa-for-sale-in-kolluru-hyderabad-3739-sq-ft-3-75-cr-1514161.htm,2026-10,2026,10,37500000,3.75,10029.42,4,3739.0,4.0,2.0,,,2.0,,,Kolluru,,Bhavyas evora,Unfurnished,East,Freehold,,New,Under Construction,17.385,78.4867,"Bhavyas evora, Kolluru, Hyderabad, India",realestateindia.com,Sale,Villa,,,,
https://www.realestateindia.com/property-detail/residential-plot-for-sale-in-bn-reddy-nagar-hyderabad-in-serenity-heights-150-sq-ft-60-lac-1514005.htm,2026-10,2026,10,6000000,0.6,40000.0,,150.0,,,,,,,,BN Reddy Nagar,,SR Serenity Heights,,,,,Sale,,,,"SR Serenity Heights, BN Reddy Nagar, Hyderabad, India",realestateindia.com,Sale,Residential Plots,,,,
https://www.realestateindia.com/property-detail/2bkh-flats-apartments-for-sale-in-mehdipatnam-hyderabad-1650-sq-ft-90-75-lac-1514145.htm,2026-10,2026,10,9075000,0.9075,5500.0,2,1650.0,2.0,3.0,,3rd,5.0,20.0,10+ Years,Mehdipatnam,,Vijayasree Apartment,Semi-Furnished,South,,,Resale,Ready to Move,17.3916,78.4401,"Vijayasree Apartment, Mehdipatnam, Hyderabad, India",realestateindia.com,Sale,Flats,,,,
https://www.realestateindia.com/property-detail/3bkh-flats-apartments-for-sale-in-kondapur-hyderabad-in-asian-suncity-1700-sq-ft-1-70-cr-1514081.htm,2026-10,2026,10,17000000,1.7,10000.0,3,1700.0,3.0,3.0,,4th,15.0,0.0,New,Kondapur,,Asian Suncity,Semi-Furnished,West,Freehold,,Resale,Ready to Move Furnishing Details Fan Exhaust Fan Geyser Light Curtains Modular Kitchen Chimney AC Wardrobe,17.4622,78.3568,"Asian Suncity, Kondapur, Hyderabad, India",realestateindia.com,Sale,Flats,,,,
https://www.realestateindia.com/property-detail/4bkh-flats-apartments-for-sale-in-kondapur-hyderabad-in-asian-suncity-3200-sq-ft-3-20-cr-1514078.htm,2026-10,2026,10,32000000,3.2,10000.0,4,3200.0,3.0,5.0,,7th,15.0,,,Kondapur,,Asian Suncity,Unfurnished,West,Freehold,,Resale,Ready to Move,17.4622,78.3568,"Asian Suncity, Kondapur, Hyderabad, India",realestateindia.com,Sale,Flats,,,,
https://www.realestateindia.com/property-detail/3bkh-flats-apartments-for-sale-in-kondapur-hyderabad-in-silpa-park-2250-sq-ft-1-80-cr-1514071.htm,2026-10,2026,10,18000000,1.8,8000.0,3,2250.0,3.0,2.0,,2nd,5.0,,,Kondapur,,Silpa Park,Semi-Furnished,West,Freehold,,Resale,Ready to Move,17.4622,78.3568,"Silpa Park, Kondapur, Hyderabad, India",realestateindia.com,Sale,Flats,,,,
https://www.realestateindia.com/property-detail/3bkh-flats-apartments-for-sale-in-kondapur-hyderabad-in-asian-suncity-2000-sq-ft-2-25-cr-1513891.htm,2026-10,2026,10,22500000,2.25,11250.0,3,2000.0,3.0,3.0,,13th,15.0,0.0,New,Kondapur,,Asian Suncity,Furnished,East,Freehold,,Resale,Ready to Move Furnishing Details Water Purifier Fan Fridge Exhaust Fan Dining Table Geyser Stove Light Curtains Modular Kitchen TV Chimney AC Bed Wardrobe Sofa Washing Machine Microwave,17.4622,78.3568,"Asian Suncity, Kondapur, Hyderabad, India",realestateindia.com,Sale,Flats,,,,
https://www.proptiger.com/hyderabad/sanath-nagar/lodha-group-casa-paradiso-501594,2026-10,2026,10,,,,2/3,1215.0,,,,,,,,Sanath Nagar,,Lodha Casa Paradiso,,,,,New Property,Sep'13,17.45605659,78.44854736,"Lodha Casa Paradiso, Sanath Nagar, Hyderabad, India",proptiger.com,Sale,ApartmentComplex,,2160.0,Lodha Group,
https://www.proptiger.com/hyderabad/nanakramguda/mantri-group-celestia-502669,2026-10,2026,10,,,,1/2/3,525.0,,,,,,,,Nanakramguda,,Mantri Celestia,,,,,New Property,Dec'07,17.42354584,78.34059906,"Mantri Celestia, Nanakramguda, Hyderabad, India",proptiger.com,Sale,ApartmentComplex,,1198.0,Mantri Group,
https://www.proptiger.com/hyderabad/gachibowli/ramky-estates-group-towers-502670,2026-10,2026,10,,,,3/4,2040.0,,,,,,,,Gachibowli,,Ramky Towers,,,,,New Property,Sep'12,17.44486046,78.36588287,"Ramky Towers, Gachibowli, Hyderabad, India",proptiger.com,Sale,ApartmentComplex,,5010.0,Ramky Estates Group,
https://www.proptiger.com/hyderabad/gachibowli/ncc-urban-nagarjuna-residency-502672,2026-10,2026,10,,,,3/4,2430.0,,,,,,,,Gachibowli,,NCC Nagarjuna Residency,,,,,New Property,Aug'15,17.43639374,78.37142181,"NCC Nagarjuna Residency, Gachibowli, Hyderabad, India",proptiger.com,Sale,ApartmentComplex,,3170.0,NCC Urban,
https://www.proptiger.com/hyderabad/kukatpally/lodha-group-bellezza-502673,2026-10,2026,10,,,,3/4,3500.0,,,,,,,,Kukatpally,,Lodha Bellezza,,,,,New Property,Sep'15,17.48464584,78.39019775,"Lodha Bellezza, Kukatpally, Hyderabad, India",proptiger.com,Sale,ApartmentComplex,,4761.0,Lodha Group,
https://www.proptiger.com/hyderabad/kukatpally/prajay-engineers-megapolis-502674,2026-10,2026,10,9864000,0.9864,8000.0,2/3,930.0,,,,,,,,Kukatpally,,Prajay Megapolis,,,,,New Property,Completed,17.48101234,78.38072205,"Prajay Megapolis, Kukatpally, Hyderabad, India",proptiger.com,Sale,ApartmentComplex,13600000,1695.0,Prajay Engineers,
https://www.proptiger.com/hyderabad/sainikpuri/janapriya-engineers-lake-front-d-503261,2026-10,2026,10,4892000,0.4892,5600.0,2/3,810.0,,,,,,,,Sainikpuri,,Janapriya Lake Front D,,,,,New Property,Completed,17.49514389,78.55858612,"Janapriya Lake Front D, Sainikpuri, Hyderabad, India",proptiger.com,Sale,ApartmentComplex,5945000,1200.0,Janapriya Engineers,P02200000371
https://www.proptiger.com/hyderabad/gachibowli/phoenix-group-golfedge-residences-503303,2026-10,2026,10,14900000,1.49,9294.0,2/3,1034.0,,,,,,,,Gachibowli,,Phoenix Golfedge Residences,,,,,New Property,Completed,17.4245472,78.34737396,"Phoenix Golfedge Residences, Gachibowli, Hyderabad, India",proptiger.com,Sale,ApartmentComplex,17700000,3625.0,Phoenix Group,
https://www.proptiger.com/hyderabad/miyapur/aliens-group-elite-503354,2026-10,2026,10,,,,2/3,800.0,,,,,,,,Miyapur,,Aliens Elite,,,,,New Property,Mar'11,17.50133133,78.35404968,"Aliens Elite, Miyapur, Hyderabad, India",proptiger.com,Sale,ApartmentComplex,,2020.0,Aliens Group,
https://www.proptiger.com/hyderabad/miyapur/janapriya-engineers-west-city-503355,2026-10,2026,10,,,,2/3,1095.0,,,,,,,,Miyapur,,Janapriya West City,,,,,New Property,Mar'10,17.51295853,78.35160828,"Janapriya West City, Miyapur, Hyderabad, India",proptiger.com,Sale,ApartmentComplex,,1400.0,Janapriya Engineers,
https://www.proptiger.com/hyderabad/miyapur/janapriya-engineers-nagar-503390,2026-10,2026,10,,,,2/3,1095.0,,,,,,,,Miyapur,,Janapriya Nagar,,,,,New Property,Mar'03,17.5059433,78.34285736,"Janapriya Nagar, Miyapur, Hyderabad, India",proptiger.com,Sale,ApartmentComplex,,1530.0,Janapriya Engineers,
https://www.proptiger.com/hyderabad/kothur/vasundhara-projects-lorven-city-503411,2026-10,2026,10,,,,,1800.0,,,,,,,,Kothur,,Vasundhara Lorven City,,,,,New Property,Sep'14,17.13283348,78.26228333,"Vasundhara Lorven City, Kothur, Hyderabad, India",proptiger.com,Sale,ApartmentComplex,,9000.0,Vasundhara Projects,
https://www.proptiger.com/hyderabad/miyapur/prajapati-group-elite-503482,2026-10,2026,10,,,,2/3,1155.0,,,,,,,,Miyapur,,Prajapati Elite,,,,,New Property,Dec'11,17.51028252,78.37200165,"Prajapati Elite, Miyapur, Hyderabad, India",proptiger.com,Sale,ApartmentComplex,,1790.0,Prajapati Group,
https://www.proptiger.com/hyderabad/miyapur/ushodaya-signature-503483,2026-10,2026,10,,,,2/3,1045.0,,,,,,,,Miyapur,,Ushodaya Signature,,,,,New Property,Jun'13,17.49792099,78.34191132,"Ushodaya Signature, Miyapur, Hyderabad, India",proptiger.com,Sale,ApartmentComplex,,2060.0,Ushodaya,
https://www.proptiger.com/hyderabad/nallagandla-gachibowli/sai-raghavendra-magnificent-habitat-503488,2026-10,2026,10,,,,2/3,1260.0,,,,,,,,Nallagandla Gachibowli,,Sai Magnificent Habitat,,,,,New Property,May'12,17.47559357,78.31032562,"Sai Magnificent Habitat, Nallagandla Gachibowli, Hyderabad, India",proptiger.com,Sale,ApartmentComplex,,1565.0,Sai Raghavendra,
https://www.proptiger.com/hyderabad/hitech-city/sri-sreenivasa-fortune-heights-503508,2026-10,2026,10,,,,2/3,1140.0,,,,,,,,Hitech City,,Sri Fortune Heights,,,,,New Property,Dec'12,17.45557594,78.36450195,"Sri Fortune Heights, Hitech City, Hyderabad, India",proptiger.com,Sale,ApartmentComplex,,1620.0,Sri Sreenivasa,
https://www.proptiger.com/hyderabad/miyapur/rsrppl-4-square-elegant-503561,2026-10,2026,10,,,,2/3,1250.0,,,,,,,,Miyapur,,RSRPPL 4 Square Elegant,,,,,New Property,Mar'12,17.51004601,78.35256958,"RSRPPL 4 Square Elegant, Miyapur, Hyderabad, India",proptiger.com,Sale,ApartmentComplex,,1630.0,RSRPPL,
https://www.proptiger.com/hyderabad/miyapur/buddha-homes-virtue-heights-503566,2026-10,2026,10,,,,2/3,1250.0,,,,,,,,Miyapur,,Buddha Virtue Heights,,,,,New Property,Jan'12,17.50649643,78.36392212,"Buddha Virtue Heights, Miyapur, Hyderabad, India",proptiger.com,Sale,ApartmentComplex,,1920.0,Buddha Homes,
https://www.proptiger.com/hyderabad/miyapur/br-constructions-hemadurga-heights-503569,2026-10,2026,10,,,,2/3,1095.0,,,,,,,,Miyapur,,BR Hemadurga Heights,,,,,New Property,Mar'07,17.49631119,78.35362244,"BR Hemadurga Heights, Miyapur, Hyderabad, India",proptiger.com,Sale,ApartmentComplex,,1530.0,BR Constructions,
https://www.proptiger.com/hyderabad/hitech-city/meenakshi-group-the-bamboos-503580,2026-10,2026,10,,,,4,4350.0,,,,,,,,Hitech City,,Meenakshi The Bamboos,,,,,New Property,Oct'12,17.44661903,78.3780899,"Meenakshi The Bamboos, Hitech City, Hyderabad, India",proptiger.com,Sale,ApartmentComplex,,6000.0,Meenakshi Group,
https://www.proptiger.com/hyderabad/miyapur/smr-holdings-vinay-hi-lands-503584,2026-10,2026,10,,,,2/3,1260.0,,,,,,,,Miyapur,,SMR Vinay Hi Lands,,,,,New Property,May'12,17.50866508,78.36708069,"SMR Vinay Hi Lands, Miyapur, Hyderabad, India",proptiger.com,Sale,ApartmentComplex,,1900.0,SMR Holdings,
https://www.proptiger.com/hyderabad/miyapur/smr-holdings-vinay-metropolis-503590,2026-10,2026,10,,,,2/3,890.0,,,,,,,,Miyapur,,SMR Vinay Metropolis,,,,,New Property,Feb'06,17.50929451,78.3521347,"SMR Vinay Metropolis, Miyapur, Hyderabad, India",proptiger.com,Sale,ApartmentComplex,,1415.0,SMR Holdings,
https://www.proptiger.com/hyderabad/gachibowli/babukhan-solitaire-503591,2026-10,2026,10,,,,2/3/4,1325.0,,,,,,,,Gachibowli,,Babukhan Solitaire,,,,,New Property,May'13,17.44487762,78.36528778,"Babukhan Solitaire, Gachibowli, Hyderabad, India",proptiger.com,Sale,ApartmentComplex,,2600.0,Babukhan,
https://www.proptiger.com/hyderabad/miyapur/prajay-engineers-dk-enclave-503593,2026-10,2026,10,10800000,1.08,,2/3,,,,,,,,,Miyapur,,Prajay DK Enclave,,,,,New Property,Jan'94,17.50551414,78.35609436,"Prajay DK Enclave, Miyapur, Hyderabad, India",proptiger.com,Sale,ApartmentComplex,,,Prajay Engineers,
https://www.proptiger.com/hyderabad/miyapur/prajay-engineers-shelters-i-503596,2026-10,2026,10,,,,2/3,1150.0,,,,,,,,Miyapur,,Prajay Shelters I,,,,,New Property,Dec'96,17.51840591,78.3538208,"Prajay Shelters I, Miyapur, Hyderabad, India",proptiger.com,Sale,ApartmentComplex,,1350.0,Prajay Engineers,
https://www.proptiger.com/hyderabad/miyapur/subishi-engineers-hyderabad-silver-oaks-apartment-503600,2026-10,2026,10,,,,3,1523.0,,,,,,,,Miyapur,,Subishi Silver Oaks Apartment,,,,,New Property,Feb'10,17.50293732,78.3552475,"Subishi Silver Oaks Apartment, Miyapur, Hyderabad, India",proptiger.com,Sale,ApartmentComplex,,1552.0,Subishi Engineers Hyderabad,
https://www.proptiger.com/hyderabad/gachibowli/lumbini-constructions-sln-springs-503640,2026-10,2026,10,,,,4,3199.0,,,,,,,,Gachibowli,,Lumbini SLN Springs,,,,,New Property,Mar'10,17.45084572,78.36040497,"Lumbini SLN Springs, Gachibowli, Hyderabad, India",proptiger.com,Sale,ApartmentComplex,,4211.0,Lumbini Constructions,
https://www.proptiger.com/hyderabad/gachibowli/dlf-new-city-heights-503649,2026-10,2026,10,,,,2/3,1529.0,,,,,,,,Gachibowli,,DLF New City Heights,,,,,New Property,May'15,17.43611526,78.34162903,"DLF New City Heights, Gachibowli, Hyderabad, India",proptiger.com,Sale,ApartmentComplex,,2122.0,DLF,
https://www.proptiger.com/hyderabad/gachibowli/vineyard-excellent-503651,2026-10,2026,10,,,,3,1900.0,,,,,,,,Gachibowli,,Vineyard Excellent,,,,,New Property,Oct'12,17.43532181,78.34223938,"Vineyard Excellent, Gachibowli, Hyderabad, India",proptiger.com,Sale,ApartmentComplex,,,Vineyard,
https://www.proptiger.com/hyderabad/kadthal/aliens-hub-hub-3-503653,2026-10,2026,10,3600000,0.36,2000.0,,1800.0,,,,,,,,Kadthal,,Aliens Hub 3,,,,,New Property,Under Construction,16.9885025,78.4968338,"Aliens Hub 3, Kadthal, Hyderabad, India",proptiger.com,Sale,ApartmentComplex,10800000,45000.0,Aliens Hub,P02400004466
https://www.proptiger.com/hyderabad/gachibowli/ramky-estates-group-ceo-enclave-503654,2026-10,2026,10,,,,4,4970.0,,,,,,,,Gachibowli,,Ramky CEO Enclave,,,,,New Property,Apr'15,17.44874382,78.36566162,"Ramky CEO Enclave, Gachibowli, Hyderabad, India",proptiger.com,Sale,ApartmentComplex,,,Ramky Estates Group,
https://www.proptiger.com/hyderabad/tellapur/aliens-group-space-station-503655,2026-10,2026,10,10100000,1.01,8991.0,2/3/4/5,1122.0,,,,,,,,Tellapur,,Aliens Space Station,,,,,New Property,Under Construction,17.4626255,78.28672028,"Aliens Space Station, Tellapur, Hyderabad, India",proptiger.com,Sale,ApartmentComplex,72500000,8063.0,Aliens Group,
https://www.proptiger.com/hyderabad/gachibowli/dsr-infrastructures-aditya-dsr-lake-side-503657,2026-10,2026,10,,,,3,1540.0,,,,,,,,Gachibowli,,DSR Aditya DSR Lake Side,,,,,New Property,Sep'11,17.44339561,78.35762024,"DSR Aditya DSR Lake Side, Gachibowli, Hyderabad, India",proptiger.com,Sale,ApartmentComplex,,2400.0,DSR Infrastructures,
https://www.proptiger.com/hyderabad/kukatpally/bhavya-constructions-classic-enclave-503752,2026-10,2026,10,,,,2/3,1040.0,,,,,,,,Kukatpally,,Bhavya Classic Enclave,,,,,New Property,May'10,17.49423027,78.36112213,"Bhavya Classic Enclave, Kukatpally, Hyderabad, India",proptiger.com,Sale,ApartmentComplex,,1470.0,Bhavya Constructions,
https://www.proptiger.com/hyderabad/miyapur/arca-projects-satya-residency-503756,2026-10,2026,10,,,,3,1545.0,,,,,,,,Miyapur,,ARCA Satya Residency,,,,,New Property,Apr'12,17.52908897,78.35746765,"ARCA Satya Residency, Miyapur, Hyderabad, India",proptiger.com,Sale,ApartmentComplex,,1900.0,ARCA Projects,
https://www.proptiger.com/hyderabad/mokila/subishi-engineers-hyderabad-waterford-503784,2026-10,2026,10,,,,3/5,2564.0,,,,,,,,Mokila,,Subishi Waterford,,,,,New Property,Jun'13,17.43169975,78.20930481,"Subishi Waterford, Mokila, Hyderabad, India",proptiger.com,Sale,ApartmentComplex,,4765.0,Subishi Engineers Hyderabad,
