Source,URL,YearMonth,Year,Month,Listing_Type,Property_Type,Transaction,Price_INR,Price_Max_INR,Price_Cr,PricePerSqft,Area_Sqft,Area_Max_Sqft,BHK,Bathrooms,Balconies,Car_Parking,Floor_Number,Total_Floors,Property_Age_Years,Age_Group,Construction_Status,Furnishing,Facing,Ownership,Overlooking,Builder,RERA_ID,Society,Locality,Pincode,Possible_Pincodes,Latitude,Longitude,Full_Address,Total_Units,Rating,Review_Count,Posted_On,Cement_Price_Rs_per_bag_50kg,Steel_TMT_Price_Rs_per_tonne
realestateindia.com,https://www.realestateindia.com/property-detail/8bkh-independent-house-for-sale-in-nagaram-hyderabad-5600-sq-ft-2-60-cr-1517429.htm,2026-10,2026,10,Sale,House,New,26000000,,2.6,4642.86,5600.0,,8,8.0,4.0,,,4.0,0.0,New,Ready to Move,Unfurnished,East,Freehold,,,,Pulipaati residency,Nagaram,,,17.4865,78.6112,"Pulipaati residency, Nagaram, Hyderabad, India",,,,,,
realestateindia.com,https://www.realestateindia.com/property-detail/151-sq-yards-residential-plots-in-adibatla-hyderabad-52-lac-1517536.htm,2026-10,2026,10,Sale,Residential Plots,New,5200000,,0.52,3826.34,1359.0,,,,,,,,,,,,,Freehold,,,,,Adibatla,,,,,"Adibatla, Hyderabad, India",,,,,,
realestateindia.com,https://www.realestateindia.com/property-detail/150-sq-yards-plot-for-sale-in-bandlaguda-hyderabad-52-50-lac-1517124.htm,2026-10,2026,10,Sale,Residential Plots,New,5250000,,0.525,3888.89,1350.0,,,,,,,,,,,,,Freehold,,,,Hi life,Bandlaguda,,,,,"Hi life, Bandlaguda, Hyderabad, India",,,,,,
realestateindia.com,https://www.realestateindia.com/property-detail/4000-sq-yards-land-for-sale-in-sagar-highway-hyderabad-4-84-lac-1517343.htm,2026-10,2026,10,Sale,Residential Plots,New,484000,,0.0484,13.44,36000.0,,,,,,,,,,,,,,,,,GMR Project Approved By HMDA,Sagar Highway,,,,,"GMR Project Approved By HMDA, Sagar Highway, Hyderabad, India",,,,,,
realestateindia.com,https://www.realestateindia.com/property-detail/3bkh-flats-apartments-for-sale-in-vittal-rao-nagar-hitech-city-hyderabad-1560-sq-ft-1-65-cr-1517431.htm,2026-10,2026,10,Sale,Flats,New,16500000,,1.65,10576.92,1560.0,,3,3.0,1.0,,5th,5.0,5.0,1-5 Years,Ready to Move Furnishing Details Water Purifier Fan Fridge Exhaust Fan Dining Table Light Curtains TV AC Bed Wardrobe Sofa,Furnished,East,Freehold,,,,Bluestone Buckingham,"Hitech City, Vittal Rao Nagar",,,17.441,78.3856,"Bluestone Buckingham, Hitech City, Vittal Rao Nagar, Hyderabad, India",,,,,,
realestateindia.com,https://www.realestateindia.com/property-detail/171-sq-yards-land-for-sale-in-adibatla-hyderabad-39-lac-1516775.htm,2026-10,2026,10,Sale,Residential Plots,New,3900000,,0.39,2534.11,1539.0,,,,,,,,,,,,,Freehold,,,,Lighthouse Swasthika,Adibatla,,,,,"Lighthouse Swasthika, Adibatla, Hyderabad, India",,,,,,
realestateindia.com,https://www.realestateindia.com/property-detail/10bkh-banquet-hall-guest-house-for-sale-in-bhongir-hyderabad-20000-sq-ft-5-30-cr-1516796.htm,2026-10,2026,10,Sale,Guest House,New,53000000,,5.3,2650.0,20000.0,,0,,,,Basement,1.0,,,Upcoming,Unfurnished,East,Freehold,,,,,Bhongir,,,,,"Bhongir, Hyderabad, India",,,,,,
realestateindia.com,https://www.realestateindia.com/property-detail/4bkh-villa-for-sale-in-bachupally-hyderabad-2950-sq-ft-4-80-cr-1517186.htm,2026-10,2026,10,Sale,Villa,New,48000000,,4.8,16271.19,2950.0,,4,4.0,3.0,,,1.0,0.0,New,Ready to Move,Unfurnished,East,Co-operative Society,,,,101 Nature City,Bachupally,,,17.5486,78.3856,"101 Nature City, Bachupally, Hyderabad, India",,,,,,
realestateindia.com,https://www.realestateindia.com/property-detail/150-sq-yards-plots-for-sale-in-shadnagar-hyderabad-28-50-lac-1516871.htm,2026-10,2026,10,Sale,Residential Plots,New,2850000,,0.285,2111.11,1350.0,,,,,,,,,,,,,Freehold,,,,VIDARBHA,Shadnagar,,,,,"VIDARBHA, Shadnagar, Hyderabad, India",,,,,,
realestateindia.com,https://www.realestateindia.com/property-detail/154-sq-yards-plot-in-shadnagar-hyderabad-35-42-lac-1516869.htm,2026-10,2026,10,Sale,Residential Plots,New,3542000,,0.3542,2555.56,1386.0,,,,,,,,,,,,,Freehold,,,,INDRAPRASTHA phase 2,Shadnagar,,,,,"INDRAPRASTHA phase 2, Shadnagar, Hyderabad, India",,,,,,
realestateindia.com,https://www.realestateindia.com/property-detail/183-sq-yards-open-plots-for-sale-in-maheshwaram-hyderabad-40-26-lac-1516592.htm,2026-10,2026,10,Sale,Residential Plots,New,4026000,,0.4026,2444.44,1647.0,,,,,,,,,,,,,Freehold,,,,premium county,Maheshwaram,,,,,"premium county, Maheshwaram, Hyderabad, India",,,,,,
realestateindia.com,https://www.realestateindia.com/property-detail/1-acre-plots-in-thumkunta-hyderabad-16-cr-1516706.htm,2026-10,2026,10,Sale,Residential Plots,New,160000000,,16.0,3673.09,43560.0,,,,,,,,,,,,,,,,,,Thumkunta,,,,,"Thumkunta, Hyderabad, India",,,,,,
realestateindia.com,https://www.realestateindia.com/property-detail/200-sq-yards-plot-for-sale-in-shadnagar-hyderabad-55-lac-1516163.htm,2026-10,2026,10,Sale,Residential Plots,New,5500000,,0.55,3055.56,1800.0,,,,,,,,,,,,,Freehold,,,,Vasavi subhiksham,Shadnagar,,,,,"Vasavi subhiksham, Shadnagar, Hyderabad, India",,,,,,
realestateindia.com,https://www.realestateindia.com/property-detail/200-sq-yards-lands-in-shadnagar-hyderabad-3-50-lac-1516169.htm,2026-10,2026,10,Sale,Residential Plots,New,350000,,0.035,194.44,1800.0,,,,,,,,,,,,,Freehold,,,,Vasavi Archana White Lotus,Shadnagar,,,,,"Vasavi Archana White Lotus, Shadnagar, Hyderabad, India",,,,,,
realestateindia.com,https://www.realestateindia.com/property-detail/161-sq-ft-plots-for-sale-in-kompally-hyderabad-52-lac-1516008.htm,2026-10,2026,10,Sale,Residential Plots,New,5200000,,0.52,32298.14,161.0,,,,,,,,,,,,,Freehold,,,,,Kompally,,,,,"Kompally, Hyderabad, India",,,,,,
realestateindia.com,https://www.realestateindia.com/property-detail/2bkh-independent-house-for-sale-in-aminpur-hyderabad-167-sq-yards-3-30-cr-1515766.htm,2026-10,2026,10,Sale,House,Resale,33000000,,3.3,21956.09,1503.0,,2,2.0,1.0,,,2.0,0.0,New,Ready to Move,Semi-Furnished,East,Freehold,,,,,Aminpur,,,17.5171,78.3157,"Aminpur, Hyderabad, India",,,,,,
realestateindia.com,https://www.realestateindia.com/property-detail/3bkh-flats-apartments-for-sale-in-bachupally-hyderabad-1430-sq-ft-1-15-cr-1515374.htm,2026-10,2026,10,Sale,Flats,New,11500000,,1.15,8041.96,1430.0,,3,2.0,1.0,,2nd,14.0,0.0,New,Ready to Move,Unfurnished,North East,Freehold,,,,,Bachupally,,,17.5486,78.3856,"Bachupally, Hyderabad, India",,,,,,
realestateindia.com,https://www.realestateindia.com/property-detail/240-sq-ft-plot-for-sale-in-ghatkesar-hyderabad-70-lac-1515574.htm,2026-10,2026,10,Sale,Residential Plots,Resale,7000000,,0.7,29166.67,240.0,,,,,,,,,,,,,Freehold,,,,,Ghatkesar,,,,,"Ghatkesar, Hyderabad, India",,,,,,
realestateindia.com,https://www.realestateindia.com/property-detail/200-sq-yards-land-for-sale-in-bibi-nagar-hyderabad-24-lac-1515575.htm,2026-10,2026,10,Sale,Residential Plots,Resale,2400000,,0.24,1333.33,1800.0,,,,,,,,,,,,,Freehold,,,,,Bibi Nagar,,,,,"Bibi Nagar, Hyderabad, India",,,,,,
realestateindia.com,https://www.realestateindia.com/property-detail/200-sq-ft-lands-for-sale-in-shamshabad-hyderabad-59-00-lac-1515371.htm,2026-10,2026,10,Sale,Residential Plots,Resale Approved By HMDA,5900000,,0.59,3277.78,1800.0,,,,,,,,,,,,,Freehold,,,,,Shamshabad,,,,,"Shamshabad, Hyderabad, India",,,,,,
realestateindia.com,https://www.realestateindia.com/property-detail/133-sq-ft-plot-for-sale-in-adarsh-nagar-hyderabad-10-lac-1515320.htm,2026-10,2026,10,Sale,Residential Plots,New,1000000,,0.1,7518.8,133.0,,,,,,,,,,,,,Power of Attorney,,,,,Adarsh Nagar,,,,,"Adarsh Nagar, Hyderabad, India",,,,,,
realestateindia.com,https://www.realestateindia.com/property-detail/2-5-bkh-flats-apartments-for-sale-in-kachavani-singaram-hyderabad-1025-sq-ft-43-50-lac-1515510.htm,2026-10,2026,10,Sale,Flats,New,4350000,,0.435,4243.9,1025.0,,,2.0,1.0,,1st,5.0,,,Under Construction Furnishing Details Light,Semi-Furnished,East,Freehold,,,,Om residency,Kachavani Singaram,,,17.3927,78.6314,"Om residency, Kachavani Singaram, Hyderabad, India",,,,,,
realestateindia.com,https://www.realestateindia.com/property-detail/real-rise-1485-sq-ft-open-plots-for-sale-in-shadnagar-hyderabad-28-lac-1514914.htm,2026-10,2026,10,Sale,Residential Plots,New,2800000,,0.28,1885.52,1485.0,,,,,,,,,,,,,,,,,REAL RISE,Shadnagar,,,,,"REAL RISE, Shadnagar, Hyderabad, India",,,,,,
realestateindia.com,https://www.realestateindia.com/property-detail/136-sq-yards-plot-for-sale-in-nadergul-hyderabad-55-lac-1514782.htm,2026-10,2026,10,Sale,Residential Plots,New,5500000,,0.55,4493.46,1224.0,,,,,,,,,,,,,Freehold,,,,Brundavan Colony,Nadergul,,,,,"Brundavan Colony, Nadergul, Hyderabad, India",,,,,,
realestateindia.com,https://www.realestateindia.com/property-detail/167-sq-yards-open-plots-in-ameerpet-hyderabad-35-lac-1515159.htm,2026-10,2026,10,Sale,Residential Plots,New,3500000,,0.35,2328.68,1503.0,,,,,,,,,,,,,Freehold,,,,ELITE,Ameerpet,,,,,"ELITE, Ameerpet, Hyderabad, India",,,,,,
realestateindia.com,https://www.realestateindia.com/property-detail/2bkh-flats-apartments-for-sale-in-pragathi-nagar-hyderabad-1287-sq-ft-95-lac-1514673.htm,2026-10,2026,10,Sale,Flats,New,9500000,,0.95,7381.51,1287.0,,2,,,,5th,8.0,0.0,New,Ready to Move,,West,Freehold,,,,Rudhra Bhuvi,Pragathi Nagar,,,17.5202,78.3961,"Rudhra Bhuvi, Pragathi Nagar, Hyderabad, India",,,,,,
realestateindia.com,https://www.realestateindia.com/property-detail/urbanrise-galleria-gardens-200-sq-yards-lands-for-sale-in-shadnagar-hyderabad-45-99-lac-1514847.htm,2026-10,2026,10,Sale,Residential Plots,New,35,,0.0,0.02,1800.0,,,,,,,,,,,,,Freehold,,,,Urbanrise Galleria Gardens,Shadnagar,,,,,"Urbanrise Galleria Gardens, Shadnagar, Hyderabad, India",,,,,,
realestateindia.com,https://www.realestateindia.com/property-detail/250-sq-yards-open-plots-for-sale-in-rampally-hyderabad-1-25-cr-1514814.htm,2026-10,2026,10,Sale,Residential Plots,Resale,12500000,,1.25,5555.56,2250.0,,,,,,,,,,,,,,,,,,Rampally,,,,,"Rampally, Hyderabad, India",,,,,,
realestateindia.com,https://www.realestateindia.com/property-detail/165-sq-ft-open-plots-in-shadnagar-hyderabad-23-76-lac-1514776.htm,2026-10,2026,10,Sale,Residential Plots,New,2376000,,0.2376,14400.0,165.0,,,,,,,,,,,,,Freehold,,,,Prestige County,Shadnagar,,,,,"Prestige County, Shadnagar, Hyderabad, India",,,,,,
realestateindia.com,https://www.realestateindia.com/property-detail/167-sq-yards-open-plots-for-sale-in-annojiguda-hyderabad-35-lac-1511202.htm,2026-10,2026,10,Sale,Residential Plots,New,3500000,,0.35,2328.68,1503.0,,,,,,,,,,,,,Freehold,,,,Surakshaa Elite,Annojiguda,,,,,"Surakshaa Elite, Annojiguda, Hyderabad, India",,,,,,
realestateindia.com,https://www.realestateindia.com/property-detail/2bkh-flats-apartments-for-sale-in-kukatpally-hyderabad-1287-sq-ft-95-lac-1514675.htm,2026-10,2026,10,Sale,Flats,New,9500000,,0.95,7381.51,1287.0,,2,2.0,1.0,,5th,8.0,0.0,New,Ready to Move,,West,Freehold,,,,Rudhra Bhuvi,Kukatpally,,,17.4948,78.3996,"Rudhra Bhuvi, Kukatpally, Hyderabad, India",,,,,,
realestateindia.com,https://www.realestateindia.com/property-detail/121-sq-ft-residential-plots-for-sale-in-l-b-nagar-hyderabad-4-60-lac-1514450.htm,2026-10,2026,10,Sale,Residential Plots,New,460000,,0.046,3801.65,121.0,,,,,,,,,,,,,Freehold,,,,,L. B. Nagar,,,,,"L. B. Nagar, Hyderabad, India",,,,,,
realestateindia.com,https://www.realestateindia.com/property-detail/150-sq-yards-lands-for-sale-in-amangal-hyderabad-18-lac-1514064.htm,2026-10,2026,10,Sale,Residential Plots,Resale,1800000,,0.18,1333.33,1350.0,,,,,,,,,,,,,Freehold,,,,Irwin Empire Approved By HMDA,Amangal,,,,,"Irwin Empire Approved By HMDA, Amangal, Hyderabad, India",,,,,,
realestateindia.com,https://www.realestateindia.com/property-detail/4bkh-villa-for-sale-in-kolluru-hyderabad-3739-sq-ft-3-75-cr-1514161.htm,2026-10,2026,10,Sale,Villa,New,37500000,,3.75,10029.42,3739.0,,4,4.0,2.0,,,2.0,,,Under Construction,Unfurnished,East,Freehold,,,,Bhavyas evora,Kolluru,,,17.385,78.4867,"Bhavyas evora, Kolluru, Hyderabad, India",,,,,,
realestateindia.com,https://www.realestateindia.com/property-detail/residential-plot-for-sale-in-bn-reddy-nagar-hyderabad-in-serenity-heights-150-sq-ft-60-lac-1514005.htm,2026-10,2026,10,Sale,Residential Plots,Sale,6000000,,0.6,40000.0,150.0,,,,,,,,,,,,,,,,,SR Serenity Heights,BN Reddy Nagar,,,,,"SR Serenity Heights, BN Reddy Nagar, Hyderabad, India",,,,,,
realestateindia.com,https://www.realestateindia.com/property-detail/2bkh-flats-apartments-for-sale-in-mehdipatnam-hyderabad-1650-sq-ft-90-75-lac-1514145.htm,2026-10,2026,10,Sale,Flats,Resale,9075000,,0.9075,5500.0,1650.0,,2,2.0,3.0,,3rd,5.0,20.0,10+ Years,Ready to Move,Semi-Furnished,South,,,,,Vijayasree Apartment,Mehdipatnam,,,17.3916,78.4401,"Vijayasree Apartment, Mehdipatnam, Hyderabad, India",,,,,,
realestateindia.com,https://www.realestateindia.com/property-detail/3bkh-flats-apartments-for-sale-in-kondapur-hyderabad-in-asian-suncity-1700-sq-ft-1-70-cr-1514081.htm,2026-10,2026,10,Sale,Flats,Resale,17000000,,1.7,10000.0,1700.0,,3,3.0,3.0,,4th,15.0,0.0,New,Ready to Move Furnishing Details Fan Exhaust Fan Geyser Light Curtains Modular Kitchen Chimney AC Wardrobe,Semi-Furnished,West,Freehold,,,,Asian Suncity,Kondapur,,,17.4622,78.3568,"Asian Suncity, Kondapur, Hyderabad, India",,,,,,
realestateindia.com,https://www.realestateindia.com/property-detail/4bkh-flats-apartments-for-sale-in-kondapur-hyderabad-in-asian-suncity-3200-sq-ft-3-20-cr-1514078.htm,2026-10,2026,10,Sale,Flats,Resale,32000000,,3.2,10000.0,3200.0,,4,3.0,5.0,,7th,15.0,,,Ready to Move,Unfurnished,West,Freehold,,,,Asian Suncity,Kondapur,,,17.4622,78.3568,"Asian Suncity, Kondapur, Hyderabad, India",,,,,,
realestateindia.com,https://www.realestateindia.com/property-detail/3bkh-flats-apartments-for-sale-in-kondapur-hyderabad-in-silpa-park-2250-sq-ft-1-80-cr-1514071.htm,2026-10,2026,10,Sale,Flats,Resale,18000000,,1.8,8000.0,2250.0,,3,3.0,2.0,,2nd,5.0,,,Ready to Move,Semi-Furnished,West,Freehold,,,,Silpa Park,Kondapur,,,17.4622,78.3568,"Silpa Park, Kondapur, Hyderabad, India",,,,,,
realestateindia.com,https://www.realestateindia.com/property-detail/3bkh-flats-apartments-for-sale-in-kondapur-hyderabad-in-asian-suncity-2000-sq-ft-2-25-cr-1513891.htm,2026-10,2026,10,Sale,Flats,Resale,22500000,,2.25,11250.0,2000.0,,3,3.0,3.0,,13th,15.0,0.0,New,Ready to Move Furnishing Details Water Purifier Fan Fridge Exhaust Fan Dining Table Geyser Stove Light Curtains Modular Kitchen TV Chimney AC Bed Wardrobe Sofa Washing Machine Microwave,Furnished,East,Freehold,,,,Asian Suncity,Kondapur,,,17.4622,78.3568,"Asian Suncity, Kondapur, Hyderabad, India",,,,,,
proptiger.com,https://www.proptiger.com/hyderabad/sanath-nagar/lodha-group-casa-paradiso-501594,2026-10,2026,10,Sale,ApartmentComplex,New Property,,,,,1215.0,2160.0,2/3,,,,,,,,Sep'13,,,,,Lodha Group,,Lodha Casa Paradiso,Sanath Nagar,,,17.45605659,78.44854736,"Lodha Casa Paradiso, Sanath Nagar, Hyderabad, India",,,,,,
proptiger.com,https://www.proptiger.com/hyderabad/nanakramguda/mantri-group-celestia-502669,2026-10,2026,10,Sale,ApartmentComplex,New Property,,,,,525.0,1198.0,1/2/3,,,,,,,,Dec'07,,,,,Mantri Group,,Mantri Celestia,Nanakramguda,,,17.42354584,78.34059906,"Mantri Celestia, Nanakramguda, Hyderabad, India",,,,,,
proptiger.com,https://www.proptiger.com/hyderabad/gachibowli/ramky-estates-group-towers-502670,2026-10,2026,10,Sale,ApartmentComplex,New Property,,,,,2040.0,5010.0,3/4,,,,,,,,Sep'12,,,,,Ramky Estates Group,,Ramky Towers,Gachibowli,,,17.44486046,78.36588287,"Ramky Towers, Gachibowli, Hyderabad, India",,,,,,
proptiger.com,https://www.proptiger.com/hyderabad/gachibowli/ncc-urban-nagarjuna-residency-502672,2026-10,2026,10,Sale,ApartmentComplex,New Property,,,,,2430.0,3170.0,3/4,,,,,,,,Aug'15,,,,,NCC Urban,,NCC Nagarjuna Residency,Gachibowli,,,17.43639374,78.37142181,"NCC Nagarjuna Residency, Gachibowli, Hyderabad, India",,,,,,
proptiger.com,https://www.proptiger.com/hyderabad/kukatpally/lodha-group-bellezza-502673,2026-10,2026,10,Sale,ApartmentComplex,New Property,,,,,3500.0,4761.0,3/4,,,,,,,,Sep'15,,,,,Lodha Group,,Lodha Bellezza,Kukatpally,,,17.48464584,78.39019775,"Lodha Bellezza, Kukatpally, Hyderabad, India",,,,,,
proptiger.com,https://www.proptiger.com/hyderabad/kukatpally/prajay-engineers-megapolis-502674,2026-10,2026,10,Sale,ApartmentComplex,New Property,9864000,13600000,0.9864,8000.0,930.0,1695.0,2/3,,,,,,,,Completed,,,,,Prajay Engineers,,Prajay Megapolis,Kukatpally,,,17.48101234,78.38072205,"Prajay Megapolis, Kukatpally, Hyderabad, India",,,,,,
proptiger.com,https://www.proptiger.com/hyderabad/sainikpuri/janapriya-engineers-lake-front-d-503261,2026-10,2026,10,Sale,ApartmentComplex,New Property,4892000,5945000,0.4892,5600.0,810.0,1200.0,2/3,,,,,,,,Completed,,,,,Janapriya Engineers,P02200000371,Janapriya Lake Front D,Sainikpuri,,,17.49514389,78.55858612,"Janapriya Lake Front D, Sainikpuri, Hyderabad, India",,,,,,
proptiger.com,https://www.proptiger.com/hyderabad/gachibowli/phoenix-group-golfedge-residences-503303,2026-10,2026,10,Sale,ApartmentComplex,New Property,14900000,17700000,1.49,9294.0,1034.0,3625.0,2/3,,,,,,,,Completed,,,,,Phoenix Group,,Phoenix Golfedge Residences,Gachibowli,,,17.4245472,78.34737396,"Phoenix Golfedge Residences, Gachibowli, Hyderabad, India",,,,,,
proptiger.com,https://www.proptiger.com/hyderabad/miyapur/aliens-group-elite-503354,2026-10,2026,10,Sale,ApartmentComplex,New Property,,,,,800.0,2020.0,2/3,,,,,,,,Mar'11,,,,,Aliens Group,,Aliens Elite,Miyapur,,,17.50133133,78.35404968,"Aliens Elite, Miyapur, Hyderabad, India",,,,,,
proptiger.com,https://www.proptiger.com/hyderabad/miyapur/janapriya-engineers-west-city-503355,2026-10,2026,10,Sale,ApartmentComplex,New Property,,,,,1095.0,1400.0,2/3,,,,,,,,Mar'10,,,,,Janapriya Engineers,,Janapriya West City,Miyapur,,,17.51295853,78.35160828,"Janapriya West City, Miyapur, Hyderabad, India",,,,,,
proptiger.com,https://www.proptiger.com/hyderabad/miyapur/janapriya-engineers-nagar-503390,2026-10,2026,10,Sale,ApartmentComplex,New Property,,,,,1095.0,1530.0,2/3,,,,,,,,Mar'03,,,,,Janapriya Engineers,,Janapriya Nagar,Miyapur,,,17.5059433,78.34285736,"Janapriya Nagar, Miyapur, Hyderabad, India",,,,,,
proptiger.com,https://www.proptiger.com/hyderabad/kothur/vasundhara-projects-lorven-city-503411,2026-10,2026,10,Sale,ApartmentComplex,New Property,,,,,1800.0,9000.0,,,,,,,,,Sep'14,,,,,Vasundhara Projects,,Vasundhara Lorven City,Kothur,,,17.13283348,78.26228333,"Vasundhara Lorven City, Kothur, Hyderabad, India",,,,,,
proptiger.com,https://www.proptiger.com/hyderabad/miyapur/prajapati-group-elite-503482,2026-10,2026,10,Sale,ApartmentComplex,New Property,,,,,1155.0,1790.0,2/3,,,,,,,,Dec'11,,,,,Prajapati Group,,Prajapati Elite,Miyapur,,,17.51028252,78.37200165,"Prajapati Elite, Miyapur, Hyderabad, India",,,,,,
proptiger.com,https://www.proptiger.com/hyderabad/miyapur/ushodaya-signature-503483,2026-10,2026,10,Sale,ApartmentComplex,New Property,,,,,1045.0,2060.0,2/3,,,,,,,,Jun'13,,,,,Ushodaya,,Ushodaya Signature,Miyapur,,,17.49792099,78.34191132,"Ushodaya Signature, Miyapur, Hyderabad, India",,,,,,
proptiger.com,https://www.proptiger.com/hyderabad/nallagandla-gachibowli/sai-raghavendra-magnificent-habitat-503488,2026-10,2026,10,Sale,ApartmentComplex,New Property,,,,,1260.0,1565.0,2/3,,,,,,,,May'12,,,,,Sai Raghavendra,,Sai Magnificent Habitat,Nallagandla Gachibowli,,,17.47559357,78.31032562,"Sai Magnificent Habitat, Nallagandla Gachibowli, Hyderabad, India",,,,,,
proptiger.com,https://www.proptiger.com/hyderabad/hitech-city/sri-sreenivasa-fortune-heights-503508,2026-10,2026,10,Sale,ApartmentComplex,New Property,,,,,1140.0,1620.0,2/3,,,,,,,,Dec'12,,,,,Sri Sreenivasa,,Sri Fortune Heights,Hitech City,,,17.45557594,78.36450195,"Sri Fortune Heights, Hitech City, Hyderabad, India",,,,,,
proptiger.com,https://www.proptiger.com/hyderabad/miyapur/rsrppl-4-square-elegant-503561,2026-10,2026,10,Sale,ApartmentComplex,New Property,,,,,1250.0,1630.0,2/3,,,,,,,,Mar'12,,,,,RSRPPL,,RSRPPL 4 Square Elegant,Miyapur,,,17.51004601,78.35256958,"RSRPPL 4 Square Elegant, Miyapur, Hyderabad, India",,,,,,
proptiger.com,https://www.proptiger.com/hyderabad/miyapur/buddha-homes-virtue-heights-503566,2026-10,2026,10,Sale,ApartmentComplex,New Property,,,,,1250.0,1920.0,2/3,,,,,,,,Jan'12,,,,,Buddha Homes,,Buddha Virtue Heights,Miyapur,,,17.50649643,78.36392212,"Buddha Virtue Heights, Miyapur, Hyderabad, India",,,,,,
proptiger.com,https://www.proptiger.com/hyderabad/miyapur/br-constructions-hemadurga-heights-503569,2026-10,2026,10,Sale,ApartmentComplex,New Property,,,,,1095.0,1530.0,2/3,,,,,,,,Mar'07,,,,,BR Constructions,,BR Hemadurga Heights,Miyapur,,,17.49631119,78.35362244,"BR Hemadurga Heights, Miyapur, Hyderabad, India",,,,,,
proptiger.com,https://www.proptiger.com/hyderabad/hitech-city/meenakshi-group-the-bamboos-503580,2026-10,2026,10,Sale,ApartmentComplex,New Property,,,,,4350.0,6000.0,4,,,,,,,,Oct'12,,,,,Meenakshi Group,,Meenakshi The Bamboos,Hitech City,,,17.44661903,78.3780899,"Meenakshi The Bamboos, Hitech City, Hyderabad, India",,,,,,
proptiger.com,https://www.proptiger.com/hyderabad/miyapur/smr-holdings-vinay-hi-lands-503584,2026-10,2026,10,Sale,ApartmentComplex,New Property,,,,,1260.0,1900.0,2/3,,,,,,,,May'12,,,,,SMR Holdings,,SMR Vinay Hi Lands,Miyapur,,,17.50866508,78.36708069,"SMR Vinay Hi Lands, Miyapur, Hyderabad, India",,,,,,
proptiger.com,https://www.proptiger.com/hyderabad/miyapur/smr-holdings-vinay-metropolis-503590,2026-10,2026,10,Sale,ApartmentComplex,New Property,,,,,890.0,1415.0,2/3,,,,,,,,Feb'06,,,,,SMR Holdings,,SMR Vinay Metropolis,Miyapur,,,17.50929451,78.3521347,"SMR Vinay Metropolis, Miyapur, Hyderabad, India",,,,,,
proptiger.com,https://www.proptiger.com/hyderabad/gachibowli/babukhan-solitaire-503591,2026-10,2026,10,Sale,ApartmentComplex,New Property,,,,,1325.0,2600.0,2/3/4,,,,,,,,May'13,,,,,Babukhan,,Babukhan Solitaire,Gachibowli,,,17.44487762,78.36528778,"Babukhan Solitaire, Gachibowli, Hyderabad, India",,,,,,
proptiger.com,https://www.proptiger.com/hyderabad/miyapur/prajay-engineers-dk-enclave-503593,2026-10,2026,10,Sale,ApartmentComplex,New Property,10800000,,1.08,,,,2/3,,,,,,,,Jan'94,,,,,Prajay Engineers,,Prajay DK Enclave,Miyapur,,,17.50551414,78.35609436,"Prajay DK Enclave, Miyapur, Hyderabad, India",,,,,,
proptiger.com,https://www.proptiger.com/hyderabad/miyapur/prajay-engineers-shelters-i-503596,2026-10,2026,10,Sale,ApartmentComplex,New Property,,,,,1150.0,1350.0,2/3,,,,,,,,Dec'96,,,,,Prajay Engineers,,Prajay Shelters I,Miyapur,,,17.51840591,78.3538208,"Prajay Shelters I, Miyapur, Hyderabad, India",,,,,,
proptiger.com,https://www.proptiger.com/hyderabad/miyapur/subishi-engineers-hyderabad-silver-oaks-apartment-503600,2026-10,2026,10,Sale,ApartmentComplex,New Property,,,,,1523.0,1552.0,3,,,,,,,,Feb'10,,,,,Subishi Engineers Hyderabad,,Subishi Silver Oaks Apartment,Miyapur,,,17.50293732,78.3552475,"Subishi Silver Oaks Apartment, Miyapur, Hyderabad, India",,,,,,
proptiger.com,https://www.proptiger.com/hyderabad/gachibowli/lumbini-constructions-sln-springs-503640,2026-10,2026,10,Sale,ApartmentComplex,New Property,,,,,3199.0,4211.0,4,,,,,,,,Mar'10,,,,,Lumbini Constructions,,Lumbini SLN Springs,Gachibowli,,,17.45084572,78.36040497,"Lumbini SLN Springs, Gachibowli, Hyderabad, India",,,,,,
proptiger.com,https://www.proptiger.com/hyderabad/gachibowli/dlf-new-city-heights-503649,2026-10,2026,10,Sale,ApartmentComplex,New Property,,,,,1529.0,2122.0,2/3,,,,,,,,May'15,,,,,DLF,,DLF New City Heights,Gachibowli,,,17.43611526,78.34162903,"DLF New City Heights, Gachibowli, Hyderabad, India",,,,,,
proptiger.com,https://www.proptiger.com/hyderabad/gachibowli/vineyard-excellent-503651,2026-10,2026,10,Sale,ApartmentComplex,New Property,,,,,1900.0,,3,,,,,,,,Oct'12,,,,,Vineyard,,Vineyard Excellent,Gachibowli,,,17.43532181,78.34223938,"Vineyard Excellent, Gachibowli, Hyderabad, India",,,,,,
proptiger.com,https://www.proptiger.com/hyderabad/kadthal/aliens-hub-hub-3-503653,2026-10,2026,10,Sale,ApartmentComplex,New Property,3600000,10800000,0.36,2000.0,1800.0,45000.0,,,,,,,,,Under Construction,,,,,Aliens Hub,P02400004466,Aliens Hub 3,Kadthal,,,16.9885025,78.4968338,"Aliens Hub 3, Kadthal, Hyderabad, India",,,,,,
proptiger.com,https://www.proptiger.com/hyderabad/gachibowli/ramky-estates-group-ceo-enclave-503654,2026-10,2026,10,Sale,ApartmentComplex,New Property,,,,,4970.0,,4,,,,,,,,Apr'15,,,,,Ramky Estates Group,,Ramky CEO Enclave,Gachibowli,,,17.44874382,78.36566162,"Ramky CEO Enclave, Gachibowli, Hyderabad, India",,,,,,
proptiger.com,https://www.proptiger.com/hyderabad/tellapur/aliens-group-space-station-503655,2026-10,2026,10,Sale,ApartmentComplex,New Property,10100000,72500000,1.01,8991.0,1122.0,8063.0,2/3/4/5,,,,,,,,Under Construction,,,,,Aliens Group,,Aliens Space Station,Tellapur,,,17.4626255,78.28672028,"Aliens Space Station, Tellapur, Hyderabad, India",,,,,,
proptiger.com,https://www.proptiger.com/hyderabad/gachibowli/dsr-infrastructures-aditya-dsr-lake-side-503657,2026-10,2026,10,Sale,ApartmentComplex,New Property,,,,,1540.0,2400.0,3,,,,,,,,Sep'11,,,,,DSR Infrastructures,,DSR Aditya DSR Lake Side,Gachibowli,,,17.44339561,78.35762024,"DSR Aditya DSR Lake Side, Gachibowli, Hyderabad, India",,,,,,
proptiger.com,https://www.proptiger.com/hyderabad/kukatpally/bhavya-constructions-classic-enclave-503752,2026-10,2026,10,Sale,ApartmentComplex,New Property,,,,,1040.0,1470.0,2/3,,,,,,,,May'10,,,,,Bhavya Constructions,,Bhavya Classic Enclave,Kukatpally,,,17.49423027,78.36112213,"Bhavya Classic Enclave, Kukatpally, Hyderabad, India",,,,,,
proptiger.com,https://www.proptiger.com/hyderabad/miyapur/arca-projects-satya-residency-503756,2026-10,2026,10,Sale,ApartmentComplex,New Property,,,,,1545.0,1900.0,3,,,,,,,,Apr'12,,,,,ARCA Projects,,ARCA Satya Residency,Miyapur,,,17.52908897,78.35746765,"ARCA Satya Residency, Miyapur, Hyderabad, India",,,,,,
proptiger.com,https://www.proptiger.com/hyderabad/mokila/subishi-engineers-hyderabad-waterford-503784,2026-10,2026,10,Sale,ApartmentComplex,New Property,,,,,2564.0,4765.0,3/5,,,,,,,,Jun'13,,,,,Subishi Engineers Hyderabad,,Subishi Waterford,Mokila,,,17.43169975,78.20930481,"Subishi Waterford, Mokila, Hyderabad, India",,,,,,
squareyards.com,https://www.squareyards.com/resale-3-5-bhk-2279-sq-ft-apartment-in-jains-carlton-creek/10718194,2026-10,2026,10,Sale,Apartment,Resale,23500000,,2.35,10311.54,2279.0,,3.5,3.0,,,8,,,,Ready To Move Updated 1 day ago,,East,,,,,Jains Carlton Creek,Manikonda,,,17.416522,78.369954,"Jains Carlton Creek, Manikonda, Hyderabad, India",,,,,,
squareyards.com,https://www.squareyards.com/resale-2-bhk-1225-sq-ft-apartment-in-candeur-40/10480843,2026-10,2026,10,Sale,Apartment,Resale,12000000,,1.2,9795.92,1225.0,,2,2.0,,,18,,,,Ready To Move,,West Balcony Connected,,,,,Candeur 40,Miyapur,,,17.504502,78.362374,"Candeur 40, Miyapur, Hyderabad, India",,,,,,
nobroker.in,https://www.nobroker.in/property/buy/2-bhk-apartment-for-sale-in-miyapur-hyderabad/8aa9b184a0e6126201a0e6bafd1b6b55/detail,2026-10,2026,10,Sale,Apartment,Resale,7000000,,0.7,8750.0,800.0,,2,2.0,,,1,5,10.0,10+ Years,Ready,,West Corporation and Borewell,Self Owned Corporation and Borewell,,,,Vijaya Sai Durga Residency,Miyapur,,,17.505995,78.354414,"Vijaya Sai Durga Residency, Miyapur, Hyderabad, India",,,,"Sep 28, 2026",,
squareyards.com,https://www.squareyards.com/resale-3-bhk-2004-sq-ft-apartment-in-patancheru/10371912,2026-10,2026,10,Sale,Apartment,Resale,18500000,,1.85,9231.54,2004.0,,3,3.0,,,,,,,Under Construction,,East,,,,,,Patancheru,,,17.4785327,78.2482478,"Patancheru, Hyderabad, India",,,,,,
nobroker.in,https://www.nobroker.in/property/buy/2-bhk-apartment-for-sale-in-g943%2bhr8-211-miyapur---janapriya-west-city-rd-jp-nagar-sai-ram-nagar-prasanth-nagar-miyapur-telangana-500049-india-hyderabad/8a9fb3828309e30401830a37630e0a95/detail,2026-10,2026,10,Sale,Apartment,Resale,4000000,,0.4,5517.24,725.0,,2,2.0,,,4,6,10.0,10+ Years,Ready,,East Corporation and Borewell,Self Owned Corporation and Borewell,,,,Vijaya Sai Seva Residency,Miyapur,500049,,17.506414170817692,78.35457801818848,"Vijaya Sai Seva Residency, Miyapur, Hyderabad, India",,,,"Aug 25, 2026",,
realestateindia.com,https://www.realestateindia.com/property-detail/3bkh-builder-floor-for-sale-in-mayuri-nagar-miyapur-hyderabad-in-sri-lakshmi-srinivasa-nilayam-1950-sq-ft-1-40-cr-1517799.htm,2026-10,2026,10,Sale,Builder Floors,New,14000000,,1.4,7179.49,1950.0,,3,3.0,4.0,,1st,5.0,0.0,New,Ready to Move Furnishing Details Modular Kitchen Wardrobe,Semi-Furnished,North,Freehold,,,,Sri Lakshmi Srinivasa Nilayam,"Miyapur, Mayuri Nagar",,,17.5141,78.3666,"Sri Lakshmi Srinivasa Nilayam, Miyapur, Mayuri Nagar, Hyderabad, India",,,,,,
squareyards.com,https://www.squareyards.com/resale-2-bhk-1215-sq-ft-apartment-in-bongloor/10533427,2026-10,2026,10,Sale,Apartment,Resale,4556000,,0.4556,3749.79,1215.0,,2,2.0,,,5,,,,Ready To Move,,East,,,,,,Bongloor,,,17.233914,78.563856,"Bongloor, Hyderabad, India",,,,,,
nobroker.in,https://www.nobroker.in/property/buy/2-bhk-apartment-for-sale-in-miyapur-hyderabad/8aa9b53ea055e0e501a05695e0257b36/detail,2026-10,2026,10,Sale,Apartment,Resale,4500000,,0.45,6428.57,700.0,,2,2.0,,Bike,4,5,10.0,10+ Years,Ready,Unfurnished,East,Self Owned,,,,Vijaya Sai Durga Residency,Miyapur,,,17.505995,78.354414,"Vijaya Sai Durga Residency, Miyapur, Hyderabad, India",,,,"Aug 31, 2026",,
squareyards.com,https://www.squareyards.com/resale-3-bhk-2390-sq-ft-apartment-in-jayabheri-the-sahasra/9711714,2026-10,2026,10,Sale,Apartment,Resale,28000000,,2.8,11715.48,2390.0,,3,3.0,,,21,,,,Under Construction,,East,,,,,Jayabheri The Sahasra,Serilingampally,,,17.436494,78.317782,"Jayabheri The Sahasra, Serilingampally, Hyderabad, India",,,,,,
squareyards.com,https://www.squareyards.com/resale-2-bhk-1445-sq-ft-apartment-in-indu-fortune-fields-gardenia/10285319,2026-10,2026,10,Sale,Apartment,Resale,13500000,,1.35,9342.56,1445.0,,2,2.0,,,12,,,,Ready To Move,,East,,,,,Indu Fortune Fields Gardenia,Hi Tech City,,,17.476744,78.380857,"Indu Fortune Fields Gardenia, Hi Tech City, Hyderabad, India",,,,,,
nobroker.in,https://www.nobroker.in/property/buy/2-bhk-apartment-for-sale-in-miyapur-hyderabad/8aa9d24b9dd7aa86019dd7dadc0816f3/detail,2026-10,2026,10,Sale,Apartment,Resale,35000000,,3.5,29166.67,1200.0,,2,2.0,,,,,10.0,10+ Years,Ready,,West Corporation and Borewell,,,,,Independent House,miyapur,,,17.504650755506116,78.35405004356733,"Independent House, miyapur, Hyderabad, India",,,,"Apr 29, 2026",,
squareyards.com,https://www.squareyards.com/resale-4-bhk-pooja-room-3030-sq-ft-apartment-in-vasavi-atlantis/10348369,2026-10,2026,10,Sale,Apartment,Resale,28700000,,2.87,9471.95,3030.0,,4,4.0,,,10,,,,Ready To Move,,,,,,,Vasavi Atlantis,Narsingi,,,17.39512,78.357744,"Vasavi Atlantis, Narsingi, Hyderabad, India",,,,,,
nobroker.in,https://www.nobroker.in/property/buy/4%2b-bhk-apartment-for-sale-in-miyapur-hyderabad/8aa9d0529db95723019db9aad996258c/detail,2026-10,2026,10,Sale,Apartment,Resale,35000000,,3.5,10606.06,3300.0,,4,4.0,,,,,10.0,10+ Years,Ready,,South Corporation and Borewell,,,,,Independent House,Miyapur,,,17.506950084059383,78.35468231534422,"Independent House, Miyapur, Hyderabad, India",,,,"Apr 23, 2026",,
nobroker.in,https://www.nobroker.in/property/buy/3-bhk-apartment-for-sale-in-miyapur-hyderabad/8a9f848596e38aa80196e3c4944c17aa/detail,2026-10,2026,10,Sale,Apartment,Resale,15000000,,1.5,9933.77,1510.0,,3,2.0,,Car,5,5,1.0,New,Ready,Fully furnished,North-West,Self Owned,,,,Sri Lotus Mansion,Miyapur,,,17.504304146547696,78.35583094507456,"Sri Lotus Mansion, Miyapur, Hyderabad, India",,,,"Aug 29, 2026",,
squareyards.com,https://www.squareyards.com/resale-5-bhk-pooja-room-servant-room-study-room-300-sq-yd-independent-house-in-hayathnagar/10331090,2026-10,2026,10,Sale,Independent House,Resale,19800000,,1.98,7333.33,2700.0,,5,3.0,,,,,,,Ready To Move,,,,,,,,Hayathnagar,,,17.329534066245,78.5982171446085,"Hayathnagar, Hyderabad, India",,,,,,
squareyards.com,https://www.squareyards.com/resale-3000-sq-yd-plot-in-thumukunta/10371474,2026-10,2026,10,Sale,Plot,Resale,150000000,,15.0,5555.56,27000.0,,,,,,,,,,,,East,,,,,,Thumukunta,,,17.562175,78.561656,"Thumukunta, Hyderabad, India",,,,,,
nobroker.in,https://www.nobroker.in/property/buy/2-bhk-apartment-for-sale-in-miyapur-hyderabad/8aa9ab84a0ffd2a401a0ffdfaebb049b/detail,2026-10,2026,10,Sale,Apartment,Resale,6500000,,0.65,5574.61,1166.0,,2,2.0,,,3,5,10.0,10+ Years,Ready,,West Corporation and Borewell,Self Owned Corporation and Borewell,,,,Mani Sai Nilayam,Miyapur,,,17.503947,78.35532769999999,"Mani Sai Nilayam, Miyapur, Hyderabad, India",,,,"Oct 3, 2026",,
squareyards.com,https://www.squareyards.com/resale-2-bhk-pooja-room-study-room-basement-1250-sq-ft-builder-floor-in-pragathi-nagar/10461769,2026-10,2026,10,Sale,Builder Floor,Resale,7375000,,0.7375,5900.0,1250.0,,2,2.0,,,12345,,,,Under Construction,,East,,,,,Pragathi Nagar,"& Commute View on Map Agent Overview K Kamatam Haribabu Hyderabad Resale Properties 13 Projects You Might Like Nearby Pragathi Nagar, Hyderabad Under Construction Projects Ready to Move Projects New Launch Projects Ramky One Harmony Pragathi Nagar, Hyderabad ₹ 84.31 Lac to 1.16 Cr Under Construction 1155 Sq. Ft. to 1595 Sq. Ft. Request for Call Mahindra Ashvita Kukatpally, Hyderabad ₹ 62.00 Lac to 1.02 Cr Ready to Move 1262 Sq. Ft. to 2035 Sq. Ft. Request for Call Lodha Meridian Super 60 Kukatpally, Hyderabad ₹ 75.00 Lac to 1.02 Cr Ready to Move 1342 Sq. Ft. to 1824 Sq. Ft. Request for Call Ramky One Marvel Gajularamaram, Hyderabad ₹ 56.24 Lac to 80.98 Lac Ready to Move 1125 Sq. Ft. to 1620 Sq. Ft. Request for Call Lodha Meridian Kukatpally, Hyderabad ₹ 90.00 Lac to 1.59 Cr Ready to Move 1278 Sq. Ft. to 2259 Sq. Ft. Request for Call Sai GNS Pride Bachupally, Hyderabad ₹ 69.60 Lac New Launch 1160 Sq. Ft. to 1160 Sq. Ft. Request for Call Rudhra Estates Bachupally, Hyderabad ₹ 54.29 Lac to 96.78 Lac New Launch 1086 Sq. Ft. to 1936 Sq. Ft. Request for Call GK Sri Ram Homes Miyapur, Hyderabad ₹ 93.53 Lac to 1.16 Cr New Launch 1045 Sq. Ft. to 1295 Sq. Ft. Request for Call Vidhatri Fortune Towers Khazipally, Hyderabad ₹ 44.99 Lac to 89.98 Lac New Launch 1000 Sq. Ft. to 2000 Sq. Ft. Request for Call Tado Sattva Signature Gajularamaram, Hyderabad ₹ 61.36 Lac to 61.62 Lac New Launch 1180 Sq. Ft. to 1185 Sq. Ft. Request for Call K View Profile Kamatam Haribabu Hyderabad 13 Resale Listings View All Book an Appointment Popular Localities in Hyderabad with Builder Floor Builder Floor for Sale in Lb Nagar Hyderabad Builder Floor for Sale in Kukatpally Hyderabad Builder Floor for Sale in Nagole Hyderabad Builder Floor for Sale in Bandlaguda Jagir Hyderabad Builder Floor for Sale in Shamshabad Hyderabad Builder Floor for Sale in Velmala Hyderabad Builder Floor for Sale in Turkayamjal Hyderabad Builder Floor for Sale in Yousufguda Hyderabad Builder Floor for Sale in Mokila Hyderabad Builder Floor for Sale in Kollur Hyderabad View More Property Options in Pragathi Nagar Hyderabad Flats for Sale in Pragathi Nagar Hyderabad View More 2 BHK for Sale in Localities near Pragathi Nagar Hyderabad 2 BHK for Sale in Kukatpally Hyderabad 2 BHK for Sale in A S Rao Nagar Hyderabad View More Pragathi Nagar 2 Bedroom 1250 Sq.Ft. Builder Floor in Pragathi Nagar Hyderabad ₹ 73.75 L Request for Call Country/City Detect my location Reset City Top Cities Bangalore Chennai Delhi Gurgaon Hyderabad Kolkata Lucknow Mumbai Navi Mumbai Noida Pune Thane Property Rates",,,17.517694,78.399761,"Pragathi Nagar, & Commute View on Map Agent Overview K Kamatam Haribabu Hyderabad Resale Properties 13 Projects You Might Like Nearby Pragathi Nagar, Hyderabad Under Construction Projects Ready to Move Projects New Launch Projects Ramky One Harmony Pragathi Nagar, Hyderabad ₹ 84.31 Lac to 1.16 Cr Under Construction 1155 Sq. Ft. to 1595 Sq. Ft. Request for Call Mahindra Ashvita Kukatpally, Hyderabad ₹ 62.00 Lac to 1.02 Cr Ready to Move 1262 Sq. Ft. to 2035 Sq. Ft. Request for Call Lodha Meridian Super 60 Kukatpally, Hyderabad ₹ 75.00 Lac to 1.02 Cr Ready to Move 1342 Sq. Ft. to 1824 Sq. Ft. Request for Call Ramky One Marvel Gajularamaram, Hyderabad ₹ 56.24 Lac to 80.98 Lac Ready to Move 1125 Sq. Ft. to 1620 Sq. Ft. Request for Call Lodha Meridian Kukatpally, Hyderabad ₹ 90.00 Lac to 1.59 Cr Ready to Move 1278 Sq. Ft. to 2259 Sq. Ft. Request for Call Sai GNS Pride Bachupally, Hyderabad ₹ 69.60 Lac New Launch 1160 Sq. Ft. to 1160 Sq. Ft. Request for Call Rudhra Estates Bachupally, Hyderabad ₹ 54.29 Lac to 96.78 Lac New Launch 1086 Sq. Ft. to 1936 Sq. Ft. Request for Call GK Sri Ram Homes Miyapur, Hyderabad ₹ 93.53 Lac to 1.16 Cr New Launch 1045 Sq. Ft. to 1295 Sq. Ft. Request for Call Vidhatri Fortune Towers Khazipally, Hyderabad ₹ 44.99 Lac to 89.98 Lac New Launch 1000 Sq. Ft. to 2000 Sq. Ft. Request for Call Tado Sattva Signature Gajularamaram, Hyderabad ₹ 61.36 Lac to 61.62 Lac New Launch 1180 Sq. Ft. to 1185 Sq. Ft. Request for Call K View Profile Kamatam Haribabu Hyderabad 13 Resale Listings View All Book an Appointment Popular Localities in Hyderabad with Builder Floor Builder Floor for Sale in Lb Nagar Hyderabad Builder Floor for Sale in Kukatpally Hyderabad Builder Floor for Sale in Nagole Hyderabad Builder Floor for Sale in Bandlaguda Jagir Hyderabad Builder Floor for Sale in Shamshabad Hyderabad Builder Floor for Sale in Velmala Hyderabad Builder Floor for Sale in Turkayamjal Hyderabad Builder Floor for Sale in Yousufguda Hyderabad Builder Floor for Sale in Mokila Hyderabad Builder Floor for Sale in Kollur Hyderabad View More Property Options in Pragathi Nagar Hyderabad Flats for Sale in Pragathi Nagar Hyderabad View More 2 BHK for Sale in Localities near Pragathi Nagar Hyderabad 2 BHK for Sale in Kukatpally Hyderabad 2 BHK for Sale in A S Rao Nagar Hyderabad View More Pragathi Nagar 2 Bedroom 1250 Sq.Ft. Builder Floor in Pragathi Nagar Hyderabad ₹ 73.75 L Request for Call Country/City Detect my location Reset City Top Cities Bangalore Chennai Delhi Gurgaon Hyderabad Kolkata Lucknow Mumbai Navi Mumbai Noida Pune Thane Property Rates, Hyderabad, India",,,,,,
nobroker.in,https://www.nobroker.in/property/buy/3-bhk-apartment-for-sale-in-rama-raju-colony-hyderabad/8aa9cd419dd301bb019dd38357483ea6/detail,2026-10,2026,10,Sale,Apartment,Resale,8000000,,0.8,5714.29,1400.0,,3,2.0,,,2,5,5.0,1-5 Years,Ready,,East Corporation and Borewell,Self Owned Corporation and Borewell,,,,Mrudala residency,Rama Raju Colony,,,17.50458983582306,78.35637839999998,"Mrudala residency, Rama Raju Colony, Hyderabad, India",,,,"Aug 27, 2026",,
squareyards.com,https://www.squareyards.com/resale-3-bhk-2150-sq-ft-apartment-in-vasavi-atlantis/10669068,2026-10,2026,10,Sale,Apartment,Resale,21000000,,2.1,9767.44,2150.0,,3,3.0,,,32,,,,Ready To Move,,East,,,,,Vasavi Atlantis,Narsingi,,,17.39512,78.357744,"Vasavi Atlantis, Narsingi, Hyderabad, India",,,,,,
nobroker.in,https://www.nobroker.in/property/buy/4%2b-bhk-apartment-for-sale-in-miyapur--hyderabad/8aa9ba929d9459fe019d94d7569b334e/detail,2026-10,2026,10,Sale,Apartment,Resale,21500000,,2.15,6615.38,3250.0,,4,5.0,,,,,10.0,10+ Years,Ready,,North-East Corporation and Borewell,,,,,Independent House,Miyapur ,,,17.504482957023047,78.356455484359,"Independent House, Miyapur , Hyderabad, India",,,,"Apr 16, 2026",,
squareyards.com,https://www.squareyards.com/resale-2-bhk-1038-sq-ft-apartment-in-ratnasri-residency/10680479,2026-10,2026,10,Sale,Apartment,Resale,6000000,,0.6,5780.35,1038.0,,2,2.0,,,4,,,,Ready To Move,,East,,,,,Ratnasri Residency,Kukatpally,,,17.49881833,78.410225,"Ratnasri Residency, Kukatpally, Hyderabad, India",,,,,,
nobroker.in,https://www.nobroker.in/property/buy/4%2b-bhk-apartment-for-sale-in-miyapur-hyderabad/8aa9a809a05ccc5701a05ceed91a17dd/detail,2026-10,2026,10,Sale,Apartment,Resale,45000000,,4.5,4500.0,10000.0,,4,6.0,,,,,1.0,New,Ready,Unfurnished,East,,,,,Independent House,miyapur,,,17.504474824243072,78.35645602576028,"Independent House, miyapur, Hyderabad, India",,,,"Sep 1, 2026",,
nobroker.in,https://www.nobroker.in/property/buy/2-bhk-apartment-for-sale-in-miyapur-hyderabad/8aa9aa179fd77e31019fda21ba9125b0/detail,2026-10,2026,10,Sale,Apartment,Resale,7500000,,0.75,6250.0,1200.0,,2,2.0,,,2,4,0.0,New,Ready,,East Corporation and Borewell,Self Owned Corporation and Borewell,,,,Near Nilayam Apartment,Miyapur,,,17.5052259,78.35694889999999,"Near Nilayam Apartment, Miyapur, Hyderabad, India",,,,"Aug 7, 2026",,
squareyards.com,https://www.squareyards.com/resale-3-bhk-1800-sq-ft-apartment-in-prosperiti-ekam/10684570,2026-10,2026,10,Sale,Apartment,Resale,12800000,,1.28,7111.11,1800.0,,3,3.0,,,,,,,Under Construction,,East,,,,,Prosperiti Ekam,Velmala,,,17.473103,78.246625,"Prosperiti Ekam, Velmala, Hyderabad, India",,,,,,
squareyards.com,https://www.squareyards.com/resale-3-bhk-1900-sq-ft-villa-in-kapra/10692219,2026-10,2026,10,Sale,Villa,Resale,13500000,,1.35,7105.26,1900.0,,3,3.0,,,,,,,Ready To Move,,,,,,,,Kapra,,,17.484312,78.1359481,"Kapra, Hyderabad, India",,,,,,
squareyards.com,https://www.squareyards.com/resale-800-sq-yd-plot-in-rajendra-nagar/10577594,2026-10,2026,10,Sale,Plot,Resale,4800000,,0.48,666.67,7200.0,,,,,,,,,,,,,,,,,,Rajendra Nagar,,,17.338346,78.728906,"Rajendra Nagar, Hyderabad, India",,,,,,
nobroker.in,https://www.nobroker.in/property/buy/3-bhk-apartment-for-sale-in-vanasthalipuram-hyderabad/8a9fbc828174fb7301817546ce2430ae/detail,2026-10,2026,10,Sale,Apartment,Resale,13000000,,1.3,7624.63,1705.0,,3,3.0,,,1,5,5.0,1-5 Years,Ready,,East Corporation and Borewell,Self Owned Corporation and Borewell,,,,"Green Meadows, Vanasthalipuram",Vanasthalipuram,,,17.3347013,78.5771839,"Green Meadows, Vanasthalipuram, Vanasthalipuram, Hyderabad, India",,,,"May 11, 2026",,
squareyards.com,https://www.squareyards.com/resale-3-bhk-pooja-room-1890-sq-ft-apartment-in-rnp-1/10278784,2026-10,2026,10,Sale,Apartment,Resale,21300000,,2.13,11269.84,1890.0,,3,3.0,,,,,,,Ready To Move,,,,,,,"Size 195 Units 2 Acres Configurations 3 BHK , Apartment","& Commute View on Map About RNP 1, Hyderabad Ready to Move RNP Stellar Projects LLP",,,17.480224,78.335346,"Size 195 Units 2 Acres Configurations 3 BHK , Apartment, & Commute View on Map About RNP 1, Hyderabad Ready to Move RNP Stellar Projects LLP, Hyderabad, India",,,,,,
nobroker.in,https://www.nobroker.in/property/buy/2-bhk-apartment-for-sale-in-vanasthalipuram-hyderabad/8a9fa9849724b9ca019724cc63e50692/detail,2026-10,2026,10,Sale,Apartment,Resale,9700000,,0.97,7578.12,1280.0,,2,2.0,,,2,5,10.0,10+ Years,Ready,,East Corporation and Borewell,Self Owned Corporation and Borewell,,,,shubodhaya,Vanasthalipuram,,,17.336266349346385,78.57627201595838,"shubodhaya, Vanasthalipuram, Hyderabad, India",,,,"Aug 30, 2026",,
nobroker.in,https://www.nobroker.in/property/buy/2-bhk-apartment-for-sale-in-vanasthalipuram-hyderabad/8a9f8cc3911707f50191176bd4362cd2/detail,2026-10,2026,10,Sale,Apartment,Resale,6500000,,0.65,6190.48,1050.0,,2,2.0,,,1,5,10.0,10+ Years,Ready,,East Corporation and Borewell,Self Owned Corporation and Borewell,,,,Nandi happy homes,vanasthalipuram,,,17.335271940094135,78.57659867055223,"Nandi happy homes, vanasthalipuram, Hyderabad, India",,,,"Jul 31, 2026",,
squareyards.com,https://www.squareyards.com/resale-2-bhk-1279-sq-ft-apartment-in-i-homes-the-11/9864663,2026-10,2026,10,Sale,Apartment,Resale,5754000,,0.5754,4498.83,1279.0,,2,2.0,,,2,,,,Under Construction,,East,,,,,I Homes The 11,Bongloor,,,17.2317914408335,78.5741918472574,"I Homes The 11, Bongloor, Hyderabad, India",,,,,,
squareyards.com,https://www.squareyards.com/resale-183-sq-yd-plot-in-mansanpalle/9299010,2026-10,2026,10,Sale,Plot,Resale,3659000,,0.3659,2221.62,1647.0,,,,,,,,,,,,West,,,,,,Mansanpalle,,,17.21898548541304,78.39823834598064,"Mansanpalle, Hyderabad, India",,,,,,
nobroker.in,https://www.nobroker.in/property/buy/3-bhk-apartment-for-sale-in-vanasthalipuram-hyderabad/8a9fb9827e6dee39017e6e00742f0416/detail,2026-10,2026,10,Sale,Apartment,Resale,13000000,,1.3,7428.57,1750.0,,3,3.0,,,3,5,5.0,1-5 Years,Ready,,North Corporation and Borewell,Self Owned Corporation and Borewell,,,,Green Meadows,Vanasthalipuram,,,17.334742266147,78.5769478656067,"Green Meadows, Vanasthalipuram, Hyderabad, India",,,,"Apr 12, 2026",,
squareyards.com,https://www.squareyards.com/resale-222-sq-yd-plot-in-epitome-integrated-city-phase-i/9956852,2026-10,2026,10,Sale,Plot,Resale,3774000,,0.3774,1888.89,1998.0,,,,,,,,,,,,,,,,,Epitome Integrated City Phase I,Choutuppal,,,17.2576407719833,78.8573497136383,"Epitome Integrated City Phase I, Choutuppal, Hyderabad, India",,,,,,
nobroker.in,https://www.nobroker.in/property/buy/2-bhk-apartment-for-sale-in-vanasthalipuram-hyderabad/8a9f9e839424f824019425182cef043a/detail,2026-10,2026,10,Sale,Apartment,Resale,7000000,,0.7,6278.03,1115.0,,2,2.0,,,4,5,10.0,10+ Years,Ready,,West Corporation and Borewell,Self Owned Corporation and Borewell,,,,AMReddy Residency,Vanasthalipuram,,,17.33432239843901,78.57604065202388,"AMReddy Residency, Vanasthalipuram, Hyderabad, India",,,,"Jun 24, 2026",,
nobroker.in,https://www.nobroker.in/property/buy/3-bhk-apartment-for-sale-in-vanasthalipuram-hyderabad/8aa9c5fc9d7fc011019d8040bb313166/detail,2026-10,2026,10,Sale,Apartment,Resale,10000000,,1.0,7462.69,1340.0,,3,2.0,,,4,5,10.0,10+ Years,Ready,,West Corporation and Borewell,Self Owned Corporation and Borewell,,,,balaji nest,Vanasthalipuram,,,17.335723,78.5750886,"balaji nest, Vanasthalipuram, Hyderabad, India",,,,"Apr 12, 2026",,
squareyards.com,https://www.squareyards.com/resale-4-bhk-pooja-room-7069-sq-ft-apartment-in-banjara-hills/10196792,2026-10,2026,10,Sale,Apartment,Resale,235000000,,23.5,33243.74,7069.0,,4,4.0,,,3,,,,Under Construction,,,,,,,,Banjara Hills,,,17.42523430256518,78.43521326780319,"Banjara Hills, Hyderabad, India",,,,,,
nobroker.in,https://www.nobroker.in/property/buy/4%2b-bhk-apartment-for-sale-in-vanastalipuram-hyderabad/8aa9b9939f598955019f59be569b1511/detail,2026-10,2026,10,Sale,Apartment,Resale,17000000,,1.7,10967.74,1550.0,,4,5.0,,Bike,,,10.0,10+ Years,Ready,Unfurnished,North,,,,,Independent House,vanastalipuram,,,17.335233603761335,78.574555657725,"Independent House, vanastalipuram, Hyderabad, India",,,,"Jul 13, 2026",,
nobroker.in,https://www.nobroker.in/property/buy/4-bhk-apartment-for-sale-in-vanasthalipuram-hyderabad/8a9f8c839633f8ae01963407973a0456/detail,2026-10,2026,10,Sale,Apartment,Resale,8500000,,0.85,4629.63,1836.0,,4,4.0,,,,,10.0,10+ Years,Ready,,East Corporation and Borewell,,,,,Independent House,Vanasthalipuram,,,17.336401738732572,78.58021072536604,"Independent House, Vanasthalipuram, Hyderabad, India",,,,"Jul 11, 2026",,
nobroker.in,https://www.nobroker.in/property/buy/4%2b-bhk-apartment-for-sale-in-auto-nagar-hyderabad/8aa9b549a079ed8c01a07a58802a3b50/detail,2026-10,2026,10,Sale,Apartment,Resale,45000000,,4.5,25000.0,1800.0,,4,6.0,,,,,10.0,10+ Years,Ready,,North Corporation and Borewell,,,,,Independent House,Auto Nagar,,,17.336673758572445,78.57934172883607,"Independent House, Auto Nagar, Hyderabad, India",,,,"Sep 7, 2026",,
magicbricks.com,https://www.magicbricks.com/sri-manasa-sarovar-heights-bowenpally-hyderabad-pdpid-4d4235313935313833,2026-10,2026,10,Sale,Project,New Property,9880000,10660000,0.988,5660.0,,,,,,,,,,,Ready To Move,,,,,,,Sri Manasa Sarovar Heights,Bowenpally,500009,,17.47956482,78.48595186,"Rajiv Gandhi Nagar, Bowenpally, Secunderabad, Telangana",13.0,4.0,51,,,
magicbricks.com,https://www.magicbricks.com/mpm-timesquare-mall-banjara-hills-hyderabad-pdpid-4d4235303834363435,2026-10,2026,10,Sale,Project,New Property,,,,,,,,,,,,,,,,,,,,,,MPM Timesquare Mall,Banjara Hills,500034,,17.425288515835835,78.44820607626575,"6-3-349/9, Rd Number 1, Dwarakapuri, Punjagutta, Hyderabad, Telangana",18.0,4.4,200,,,
magicbricks.com,https://www.magicbricks.com/deccan-towers-malakpet-hyderabad-pdpid-4d4235313933343633,2026-10,2026,10,Sale,Project,New Property,10000000,12000000,1.0,,,,,,,,,,,,,,,,,,,Deccan Towers,Malakpet,500024,,17.37712641,78.51193488,"Abids Road, Fateh Maidan, Malakpet, Hyderabad, Telangana",20.0,3.9,22,,,
magicbricks.com,https://www.magicbricks.com/balaji-elegancia-kompally-hyderabad-pdpid-4d4235313230373537,2026-10,2026,10,Sale,Project,New Property,2407394,26047216,0.2407,,,,,,,,,,,,,,,,,,,Balaji Elegancia,Kompally,500014,,17.538052,78.4839479,"SY NO. 153/B, 177/B, JAYABHERI PARK, Kompally, Hyderabad, Telangana",49.0,4.5,3,,,
magicbricks.com,https://www.magicbricks.com/shakti-sapphire-county-shadnagar-hyderabad-pdpid-4d4235323438383237,2026-10,2026,10,Sale,Project,New Property,34640000,39890000,3.464,,,,,,,,,,,,,,,,,,,Shakti Sapphire County,Shadnagar,509216,,17.0703522,78.2085991,"Sy No. 469, 470, Shadnagar nagar village Faruqnagar, Shadnagar, Telangana ",206.0,3.9,185,,,
magicbricks.com,https://www.magicbricks.com/sri-srinivasa-residency-bowenpally-old-bowenpally-hyderabad-pdpid-4d4235313034373631,2026-10,2026,10,Sale,Project,New Property,7460000,11520000,0.746,,,,,,,,,,,,Ready To Move,,,,,,,Sri Srinivasa Residency Bowenpally,Old Bowenpally,500011,,17.47345,78.4825,"Old Bowenpally, Secunderabad.",,4.5,12,,,
magicbricks.com,https://www.magicbricks.com/nsl-residency-pasha-colony-hyderabad-pdpid-4d4235323133303235,2026-10,2026,10,Sale,Project,New Property,,,,,,,,,,,,,,,Ready To Move,,,,,,,NSL Residency,Pasha Colony,500075,,17.368993,78.533139,"Pratap Nagar, Dilsukhnagar, Hyderabad, Andhra Pradesh",,3.0,2,,,
magicbricks.com,https://www.magicbricks.com/dc-durga-county-madinaguda-hyderabad-pdpid-4d4235313830343533,2026-10,2026,10,Sale,Project,New Property,12050000,15710000,1.205,,,,,,,,,,,,Ready To Move,,,,,,,DC Durga County,Madinaguda,500049,,17.493584,78.340398,"DC Durga County, Madinaguda, Hyderabad",,4.1,93,,,
magicbricks.com,https://www.magicbricks.com/seshachala-serenity-secunderabad-hyderabad-pdpid-4d4235343335333431,2026-10,2026,10,Sale,Project,New Property,,,,,,,,,,,,,,,,,,,,,,Seshachala Serenity,Secunderabad,500003,,17.439928421494,78.4982737535037,"Devarayamjal, Secunderabad",215.0,4.3,29,,,
magicbricks.com,https://www.magicbricks.com/western-marina-nanakram-guda-hyderabad-pdpid-4d4235343236323835,2026-10,2026,10,Sale,Project,New Property,57723000,138608000,5.7723,11433.0,,,,,,,,,,,,,,,,,,Western Marina,Nanakram Guda,500032,,17.410093,78.3487207,"Nanakramguda, Hyderabad",450.0,4.7,22,,,
magicbricks.com,https://www.magicbricks.com/elite-plaza-somajiguda-hyderabad-pdpid-4d4235313636323133,2026-10,2026,10,Sale,Project,New Property,,,,,,,,,,,,,,,Ready To Move,,,,,,,Elite Plaza,Somajiguda,500082,,17.4217138,78.4576526,"Elite Plaza, Somajiguda, Hyderabad",,4.5,49,,,
magicbricks.com,https://www.magicbricks.com/swetha-apartment-kalyan-nagar-hyderabad-pdpid-4d4235313635353135,2026-10,2026,10,Sale,Project,New Property,,,,,,,,,,,,,,,,,,,,,,Swetha Apartment,Kalyan Nagar,500059,,17.47934577,78.5244061,"Swetha Apartment, Kalyan Nagar, Hyderabad",,4.8,4,,,
magicbricks.com,https://www.magicbricks.com/mahesh-project-xii-shamshabad-hyderabad-pdpid-4d4235313739353535,2026-10,2026,10,Sale,Project,New Property,7200000,10250000,0.72,,,,,,,,,,,,Ready To Move,,,,,,,Mahesh Project XII,Shamshabad,501218,,17.2452845,78.43668,"Mahesh Project XII, Shamshabad, Hyderabad",52.0,3.9,99,,,
magicbricks.com,https://www.magicbricks.com/banjara-elegant-masab-tank-hyderabad-pdpid-4d4235333638383639,2026-10,2026,10,Sale,Project,New Property,12190000,13680000,1.219,,,,,,,,,,,,Ready To Move,,,,,,,Banjara Elegant,Masab Tank,500057,,17.3993997,78.4514094,"Banjara Elegant, Masab Tank, Hyderabad",,4.3,28,,,
magicbricks.com,https://www.magicbricks.com/rakthapu-laxmi-narsimma-goud-kothaguda-hyderabad-pdpid-4d4235323637333637,2026-10,2026,10,Sale,Project,New Property,16490000,19460000,1.649,,,,,,,,,,,,Ready To Move,,,,,,,Rakthapu Laxmi Narsimma Goud,Kothaguda,500084,,17.46727328,78.3732677,"Rakthapu Laxmi Narsimma Goud, Kothaguda, Hyderabad, Telangana",12.0,4.3,26,,,
magicbricks.com,https://www.magicbricks.com/jaya-homes-kompally-hyderabad-pdpid-4d4235323135383537,2026-10,2026,10,Sale,Project,New Property,11000000,13000000,1.1,,,,,,,,,,,,Ready To Move,,,,,,,Jaya Homes,Kompally,500014,,17.5425945515091,78.4822910638784,"Jayabheri PArk Rd, Near jayabheri Center, Kompally",,4.0,134,,,
magicbricks.com,https://www.magicbricks.com/prasanka-residency-kukatpally-kukatpally-hyderabad-pdpid-4d4235323733313431,2026-10,2026,10,Sale,Project,New Property,14000000,18930000,1.4,,,,,,,,,,,,Ready To Move,,,,,,,Prasanka Residency Kukatpally,Kukatpally,500072,,17.48802167,78.38828333,"Vidhura Vihar, KPHB Phase 6, Kukatpally, Hyderabad, Telangana ",15.0,4.3,180,,,
magicbricks.com,https://www.magicbricks.com/rupa-castle-nizampet-hyderabad-pdpid-4d4235333733363337,2026-10,2026,10,Sale,Project,New Property,10750000,12960000,1.075,,,,,,,,,,,,,,,,,,,Rupa Castle ,Nizampet,500090,,17.5234996,78.375198,"Rupa Castle , Nizampet, Hyderabad",,3.8,156,,,
magicbricks.com,https://www.magicbricks.com/apex-anusha-residency-saidabad-hyderabad-pdpid-4d4235303634373632,2026-10,2026,10,Sale,Project,New Property,,,,6657.0,,,,,,,,,,,Under Construction,,,,,,,Apex Anusha Residency,Saidabad,500059,,17.355922,78.512782,"Lakshmi Nagar, Saidabad, Hyderabad, Andhra Pradesh, India.",,4.1,7,,,
magicbricks.com,https://www.magicbricks.com/shivasai-shivasai-construction-lb-nagar-hyderabad-pdpid-4d4235333833303235,2026-10,2026,10,Sale,Project,New Property,11770000,13240000,1.177,,,,,,,,,,,,Ready To Move,,,,,,,Shivasai Shivasai Construction,LB Nagar,500035,,17.3589258,78.551395,"Shivasai Shivasai Construction, LB Nagar, Hyderabad",,4.2,55,,,
proptiger.com,https://www.proptiger.com/hyderabad/hitech-city/meenakshi-group-the-bamboos-503580,2026-10,2026,10,Sale,ApartmentComplex,New Property,,,,,4350.0,6000.0,4,,,,,,,,Oct'12,,,,,Meenakshi Group,,Meenakshi The Bamboos,Hitech City,,,17.44661903,78.3780899,"Meenakshi The Bamboos, Hitech City, Hyderabad, India",,,,,,
proptiger.com,https://www.proptiger.com/hyderabad/miyapur/smr-holdings-vinay-hi-lands-503584,2026-10,2026,10,Sale,ApartmentComplex,New Property,,,,,1260.0,1900.0,2/3,,,,,,,,May'12,,,,,SMR Holdings,,SMR Vinay Hi Lands,Miyapur,,,17.50866508,78.36708069,"SMR Vinay Hi Lands, Miyapur, Hyderabad, India",,,,,,
proptiger.com,https://www.proptiger.com/hyderabad/miyapur/smr-holdings-vinay-metropolis-503590,2026-10,2026,10,Sale,ApartmentComplex,New Property,,,,,890.0,1415.0,2/3,,,,,,,,Feb'06,,,,,SMR Holdings,,SMR Vinay Metropolis,Miyapur,,,17.50929451,78.3521347,"SMR Vinay Metropolis, Miyapur, Hyderabad, India",,,,,,
proptiger.com,https://www.proptiger.com/hyderabad/gachibowli/babukhan-solitaire-503591,2026-10,2026,10,Sale,ApartmentComplex,New Property,,,,,1325.0,2600.0,2/3/4,,,,,,,,May'13,,,,,Babukhan,,Babukhan Solitaire,Gachibowli,,,17.44487762,78.36528778,"Babukhan Solitaire, Gachibowli, Hyderabad, India",,,,,,
proptiger.com,https://www.proptiger.com/hyderabad/miyapur/prajay-engineers-dk-enclave-503593,2026-10,2026,10,Sale,ApartmentComplex,New Property,10800000,,1.08,,,,2/3,,,,,,,,Jan'94,,,,,Prajay Engineers,,Prajay DK Enclave,Miyapur,,,17.50551414,78.35609436,"Prajay DK Enclave, Miyapur, Hyderabad, India",,,,,,
proptiger.com,https://www.proptiger.com/hyderabad/miyapur/prajay-engineers-shelters-i-503596,2026-10,2026,10,Sale,ApartmentComplex,New Property,,,,,1150.0,1350.0,2/3,,,,,,,,Dec'96,,,,,Prajay Engineers,,Prajay Shelters I,Miyapur,,,17.51840591,78.3538208,"Prajay Shelters I, Miyapur, Hyderabad, India",,,,,,
